timestamp,mode,SPTemp,SPHum,SPLight,actTemp,actHum,actLight,manHeater,manComp,manLight,manHum
11:29:7_4/7/2023,manual,30,70,4000,25.0,72,108,True,False,0.5,False
11:31:7_4/7/2023,manual,30,70,4000,25.1,72,174,True,False,0.5,False
11:33:7_4/7/2023,manual,30,70,4000,25.3,72,0,True,False,0.5,False
11:35:7_4/7/2023,manual,30,70,4000,25.5,72,0,True,False,0.5,False
11:37:7_4/7/2023,manual,30,70,4000,25.8,71,0,True,False,0.5,False
11:39:7_4/7/2023,manual,30,70,4000,26.1,71,0,True,False,0.5,False
11:41:7_4/7/2023,manual,30,70,4000,26.4,70,0,True,False,0.5,False
11:43:7_4/7/2023,manual,30,70,4000,26.8,69,0,True,False,0.5,False
11:45:7_4/7/2023,manual,30,70,4000,27.2,68,0,True,False,0.5,False
11:47:7_4/7/2023,manual,30,70,4000,27.5,67,0,True,False,0.5,False
11:49:7_4/7/2023,manual,30,70,4000,27.9,66,0,True,False,0.5,False
11:51:7_4/7/2023,manual,30,70,4000,28.2,66,0,True,False,0.5,False
11:53:7_4/7/2023,manual,30,70,4000,28.5,65,0,True,False,0.5,False
11:55:7_4/7/2023,manual,30,70,4000,28.9,64,0,False,False,0.5,False
11:57:7_4/7/2023,manual,30,70,4000,29.2,63,0,False,False,0.5,False
11:59:7_4/7/2023,manual,30,70,4000,29.4,63,0,False,False,0.5,False
12:1:7_4/7/2023,manual,30,70,4000,29.5,63,0,False,False,0.5,True
12:3:7_4/7/2023,manual,30,70,4000,29.5,62,0,False,False,0.5,True
12:5:7_4/7/2023,manual,30,70,4000,29.7,62,0,False,False,0.5,True
12:7:7_4/7/2023,manual,30,70,4000,29.7,62,0,False,False,0.5,True
12:9:7_4/7/2023,manual,30,70,4000,29.9,62,0,False,False,0.5,True
12:11:7_4/7/2023,manual,30,70,4000,30.0,62,0,False,False,0.5,True
12:13:7_4/7/2023,manual,30,70,4000,30.0,62,0,False,False,0.5,True
12:15:7_4/7/2023,manual,30,70,4000,30.1,61,0,False,False,0.5,True
12:17:7_4/7/2023,manual,30,70,4000,30.3,61,0,False,False,0.5,False
12:19:7_4/7/2023,manual,30,70,4000,30.1,56,48,False,False,0.5,False
12:21:7_4/7/2023,manual,30,70,4000,30.0,59,0,False,False,0.5,False
12:23:7_4/7/2023,manual,30,70,4000,30.0,61,0,False,False,0.5,False
12:25:7_4/7/2023,manual,30,70,4000,30.2,62,0,False,True,0.5,False
12:27:9_4/7/2023,manual,30,70,4000,30.3,56,0,False,True,0.5,False
12:29:7_4/7/2023,manual,30,70,4000,30.1,50,0,False,True,0.5,False
12:31:7_4/7/2023,manual,30,70,4000,29.8,47,0,False,True,0.5,False
12:33:7_4/7/2023,manual,30,70,4000,29.3,45,0,False,True,0.5,False
12:35:7_4/7/2023,manual,30,70,4000,28.7,43,0,False,True,0.5,False
12:37:7_4/7/2023,manual,30,70,4000,28.0,43,0,False,True,0.5,False
12:39:7_4/7/2023,manual,30,70,4000,27.4,42,0,False,True,0.5,False
12:41:7_4/7/2023,manual,30,70,4000,26.7,42,0,False,True,0.5,False
12:43:7_4/7/2023,manual,30,70,4000,26.0,43,0,False,True,0.5,False
12:45:7_4/7/2023,manual,30,70,4000,25.3,43,0,False,True,0.5,False
12:47:7_4/7/2023,manual,30,70,4000,24.7,43,0,False,True,0.5,False
12:49:7_4/7/2023,manual,30,70,4000,24.1,44,0,False,True,0.5,False
12:51:7_4/7/2023,manual,30,70,4000,23.6,44,0,False,True,0.5,False
12:53:7_4/7/2023,manual,30,70,4000,23.0,45,0,False,True,0.5,False
12:55:7_4/7/2023,manual,30,70,4000,22.5,45,0,False,True,0.5,False
12:57:7_4/7/2023,manual,30,70,4000,22.0,46,0,False,True,0.5,False
12:59:7_4/7/2023,manual,30,70,4000,21.5,47,0,False,True,0.5,False
13:1:7_4/7/2023,manual,30,70,4000,21.1,47,0,False,True,0.5,False
13:3:7_4/7/2023,manual,30,70,4000,20.7,48,0,False,True,0.5,False
13:5:7_4/7/2023,manual,30,70,4000,20.4,48,0,False,True,0.5,False
13:7:7_4/7/2023,manual,30,70,4000,20.0,49,0,False,True,0.5,False
13:9:7_4/7/2023,manual,30,70,4000,19.7,49,0,False,True,0.5,False
13:11:7_4/7/2023,manual,30,70,4000,19.4,49,0,False,True,0.5,False
13:13:7_4/7/2023,manual,30,70,4000,19.1,50,0,False,True,0.5,False
13:15:7_4/7/2023,manual,30,70,4000,18.8,50,0,False,True,0.5,False
13:17:7_4/7/2023,manual,30,70,4000,18.5,51,0,False,True,0.5,False
13:19:7_4/7/2023,manual,30,70,4000,18.2,51,0,False,True,0.5,False
13:21:7_4/7/2023,manual,30,70,4000,18.0,51,0,False,True,0.5,False
13:23:11_4/7/2023,manual,30,70,4000,17.8,52,0,False,True,0.5,False
13:25:7_4/7/2023,manual,30,70,4000,17.5,52,0,False,True,0.5,False
13:27:9_4/7/2023,manual,30,70,4000,17.4,52,0,False,True,0.5,False
13:29:7_4/7/2023,manual,30,70,4000,17.2,52,0,False,True,0.5,False
13:31:7_4/7/2023,manual,30,70,4000,17.0,52,0,False,True,0.5,False
13:33:7_4/7/2023,manual,30,70,4000,16.8,52,0,False,True,0.5,False
13:5:48_11/7/2023,auto,30,70,4000,23.7,72,2043,False,False,25,False
13:7:48_11/7/2023,auto,30,70,4000,23.6,71,2070,False,False,25,False
13:9:48_11/7/2023,auto,30,70,4000,23.6,72,2070,False,False,25,False
13:11:48_11/7/2023,auto,30,70,4000,23.5,76,2043,False,False,25,False
13:13:48_11/7/2023,auto,30,70,4000,23.4,75,2056,False,False,25,False
13:15:48_11/7/2023,auto,30,70,4000,23.3,73,1817,False,False,25,False
13:17:48_11/7/2023,auto,30,70,4000,23.3,72,2076,False,False,25,False
13:19:48_11/7/2023,auto,30,70,4000,23.3,71,1817,False,False,25,False
13:21:48_11/7/2023,auto,30,70,4000,23.3,72,1804,False,False,25,False
13:23:48_11/7/2023,auto,30,70,4000,23.3,75,2070,False,False,25,False
13:25:48_11/7/2023,manual,30,70,4000,23.4,75,4856,False,False,25,False
13:27:48_11/7/2023,manual,30,70,4000,23.6,83,4969,False,False,25,False
13:29:48_11/7/2023,manual,30,70,4000,24.0,90,4949,False,False,25,False
13:31:48_11/7/2023,manual,30,70,4000,24.4,93,4983,False,False,25,False
13:33:48_11/7/2023,manual,30,70,4000,24.9,95,4923,False,False,25,False
13:35:48_11/7/2023,manual,30,70,4000,25.3,95,4850,False,False,25,False
14:9:15_11/7/2023,auto,30,70,4000,31.4,64,1817,False,False,0,False
14:15:21_11/7/2023,auto,30,70,4000,31.0,68,1817,False,False,0,False
14:17:21_11/7/2023,auto,32,75,5000,30.8,75,2322,False,False,0,False
14:41:13_11/7/2023,auto,30,70,4000,26.1,48,1744,False,False,0,False
14:43:13_11/7/2023,auto,30,70,4000,25.6,59,1777,False,False,0,False
14:45:13_11/7/2023,auto,30,70,4000,25.3,70,1757,False,False,0,False
10:53:6_12/7/2023,auto,30,70,4000,22.9,73,1976,False,False,0,False
10:55:6_12/7/2023,auto,30,70,4000,22.8,72,1817,False,False,0,False
10:57:6_12/7/2023,auto,30,60,4000,22.7,69,1777,False,False,0,False
10:59:6_12/7/2023,auto,30,60,4000,22.5,66,1790,False,False,0,False
11:1:6_12/7/2023,auto,30,60,4000,22.3,65,1784,False,False,0,False
11:3:6_12/7/2023,auto,30,60,4000,22.2,75,1996,False,False,0,False
11:5:6_12/7/2023,auto,30,60,4000,22.1,76,1937,False,False,0,False
11:7:6_12/7/2023,auto,30,60,4000,22.2,83,1790,False,False,0,False
11:9:6_12/7/2023,auto,30,60,4000,22.4,86,2023,False,False,0,False
11:11:6_12/7/2023,auto,30,60,4000,22.6,86,2030,False,False,0,False
11:13:6_12/7/2023,auto,30,60,4000,22.9,85,1824,False,False,0,False
11:15:6_12/7/2023,auto,30,60,4000,23.1,84,2030,False,False,0,False
11:18:23_12/7/2023,auto,30,70,4000,23.6,76,1817,False,False,0,False
11:22:18_12/7/2023,auto,30,70,4000,24.0,76,1843,False,False,0,False
11:24:18_12/7/2023,auto,30,70,4000,24.3,75,1817,False,False,0,False
11:26:18_12/7/2023,auto,30,70,4000,24.5,75,2050,False,False,0,False
11:47:34_12/7/2023,auto,30,70,4000,27.0,69,2043,False,False,0,False
11:59:18_12/7/2023,auto,30,70,4000,28.2,66,1797,False,False,0,False
12:1:18_12/7/2023,auto,30,70,4000,28.5,65,1850,False,False,0,False
12:3:18_12/7/2023,auto,30,70,4000,28.6,65,2076,False,False,0,False
13:46:30_14/7/2023,auto,30,70,4000,24.1,71,2010,False,False,0,False
13:48:30_14/7/2023,auto,30,70,4000,24.0,73,1784,False,False,0,False
13:51:15_14/7/2023,auto,30,70,4000,23.9,72,1770,False,False,0,False
13:52:37_14/7/2023,auto,30,70,4000,23.9,74,1804,False,False,0,False
13:54:30_14/7/2023,auto,30,70,4000,23.9,72,1804,False,False,0,False
13:56:53_14/7/2023,auto,30,70,4000,23.9,72,1790,False,False,0,False
12:57:23_18/7/2023,auto,30,70,4000,20.3,70,1943,False,False,0,False
12:59:23_18/7/2023,auto,30,70,4000,20.1,73,1744,False,False,0,False
13:1:23_18/7/2023,auto,30,70,4000,20.1,71,0,False,False,0,False
13:3:23_18/7/2023,auto,30,60,4000,20.1,71,2096,False,False,0,False
13:5:23_18/7/2023,auto,30,60,4000,20.0,71,1963,False,False,0,False
13:7:23_18/7/2023,auto,30,60,4000,20.0,68,0,False,False,0,False
13:9:23_18/7/2023,auto,30,60,4000,20.0,68,0,False,False,0,False
13:11:23_18/7/2023,auto,30,60,4000,20.0,68,0,False,False,0,False
13:13:23_18/7/2023,auto,30,60,4000,20.3,62,2036,False,False,0,False
13:15:23_18/7/2023,auto,30,60,4000,20.4,60,2030,False,False,0,False
13:17:23_18/7/2023,auto,30,60,4000,20.5,67,1937,False,False,0,False
13:19:23_18/7/2023,auto,30,60,4000,20.5,73,1937,False,False,0,False
13:21:23_18/7/2023,auto,30,60,4000,20.7,76,2030,False,False,0,False
13:23:23_18/7/2023,auto,30,60,4000,20.9,76,2036,False,False,0,False
13:25:24_18/7/2023,auto,30,60,4000,21.2,76,1790,False,False,0,False
13:27:23_18/7/2023,auto,30,60,4000,21.5,72,2003,False,False,0,False
13:29:23_18/7/2023,auto,30,60,4000,21.8,72,1804,False,False,0,False
13:31:23_18/7/2023,auto,30,60,4000,22.1,62,1671,False,False,0,False
13:33:23_18/7/2023,auto,30,60,4000,22.4,56,2010,False,False,0,False
13:35:23_18/7/2023,auto,30,60,4000,22.5,52,1797,False,False,0,False
13:37:23_18/7/2023,auto,30,60,4000,22.5,49,1737,False,False,0,False
13:39:23_18/7/2023,auto,30,60,4000,22.3,47,1983,False,False,0,False
13:57:33_18/7/2023,auto,30,70,4000,20.0,77,1970,False,False,0,False
13:59:33_18/7/2023,auto,30,70,4000,20.1,79,1724,False,False,0,False
14:1:33_18/7/2023,auto,30,70,4000,20.4,78,1777,False,False,0,False
14:3:33_18/7/2023,auto,30,70,4000,20.6,79,1777,False,False,0,False
14:5:33_18/7/2023,manual,30,70,4000,20.9,78,0,False,False,0,False
10:25:9_20/7/2023,auto,27,70,4000,23.4,76,1770,False,False,0,False
10:27:9_20/7/2023,auto,27,70,4000,23.3,76,1976,False,False,0,False
10:29:10_20/7/2023,auto,27,70,4000,23.3,78,1750,False,False,0,False
10:31:9_20/7/2023,manual,27,70,4000,23.2,80,0,True,False,0,False
10:33:9_20/7/2023,manual,27,70,4000,23.2,88,0,True,False,0,False
10:35:9_20/7/2023,manual,27,70,4000,23.2,94,0,True,False,0,False
10:37:9_20/7/2023,manual,27,70,4000,23.2,97,0,True,False,0,False
10:39:9_20/7/2023,manual,27,70,4000,23.3,99,0,True,False,0,False
10:41:9_20/7/2023,manual,27,70,4000,23.3,99,0,True,False,0,False
10:43:9_20/7/2023,manual,27,70,4000,23.4,99,0,True,False,0,False
10:45:9_20/7/2023,manual,27,70,4000,23.5,97,1258,True,False,7.5,False
10:47:9_20/7/2023,manual,27,70,4000,23.6,95,1258,True,False,7.5,False
10:49:9_20/7/2023,manual,27,70,4000,23.9,94,1418,False,False,7.5,False
10:51:9_20/7/2023,manual,27,70,4000,24.2,92,1265,False,False,7.5,False
10:53:10_20/7/2023,auto,24,70,4000,24.5,91,1937,False,False,7.5,False
10:55:9_20/7/2023,auto,20,70,4000,24.8,89,1970,False,False,7.5,False
10:57:9_20/7/2023,auto,20,70,4000,25.0,87,1784,False,False,7.5,False
10:59:9_20/7/2023,auto,20,70,4000,25.4,86,2169,False,False,7.5,False
11:1:9_20/7/2023,auto,20,70,4000,25.6,85,2123,False,False,7.5,False
11:3:9_20/7/2023,auto,20,70,4000,26.0,84,1890,False,False,7.5,False
11:5:9_20/7/2023,auto,20,70,4000,26.2,82,1890,False,False,7.5,False
11:7:9_20/7/2023,manual,20,70,4000,26.5,81,1325,False,False,7.5,False
11:9:9_20/7/2023,manual,20,70,4000,26.8,80,1498,False,False,7.5,False
11:11:9_20/7/2023,manual,20,70,4000,27.0,79,0,False,False,7.5,False
11:13:9_20/7/2023,manual,20,70,4000,27.2,78,0,False,False,7.5,False
11:15:10_20/7/2023,auto,20,70,4000,27.2,65,0,False,False,7.5,False
11:17:9_20/7/2023,auto,27,70,4000,27.4,66,2063,False,False,7.5,False
11:19:9_20/7/2023,auto,27,70,4000,27.6,63,1857,False,False,7.5,False
11:21:9_20/7/2023,manual,27,70,4000,27.9,65,1498,False,False,7.5,False
11:23:11_20/7/2023,manual,27,70,4000,28.0,57,0,False,False,0.75,False
11:25:9_20/7/2023,manual,27,70,4000,28.0,59,0,False,False,0.75,False
11:27:9_20/7/2023,manual,27,70,4000,28.1,61,0,False,False,0.75,False
11:29:9_20/7/2023,manual,27,70,4000,28.2,62,0,False,False,0.75,False
11:38:25_20/7/2023,auto,30,70,4000,28.2,54,2076,False,False,0,False
11:40:25_20/7/2023,manual,27,70,4000,28.2,57,0,False,False,0,False
11:42:25_20/7/2023,manual,27,70,4000,28.1,59,0,False,False,0,False
11:44:25_20/7/2023,manual,27,70,4000,28.1,61,0,False,False,0,False
11:46:25_20/7/2023,manual,27,70,4000,28.1,63,0,False,False,0,False
11:48:25_20/7/2023,manual,27,70,4000,28.1,65,0,False,False,0,False
11:50:25_20/7/2023,manual,27,70,4000,28.1,67,0,False,False,0,False
11:52:25_20/7/2023,manual,27,70,4000,28.1,68,0,False,False,0,False
11:54:25_20/7/2023,manual,27,70,4000,28.1,69,0,False,False,0,False
11:56:25_20/7/2023,manual,27,70,4000,28.1,70,0,False,False,0,False
11:58:25_20/7/2023,manual,27,70,4000,28.1,71,0,False,False,0,False
12:0:25_20/7/2023,manual,27,70,4000,28.1,72,0,False,False,0,False
12:2:25_20/7/2023,manual,27,70,4000,28.2,73,0,False,False,0,False
12:4:25_20/7/2023,manual,27,70,4000,28.3,73,0,False,False,0,False
12:6:26_20/7/2023,manual,27,70,4000,28.3,74,0,False,False,0,False
12:8:25_20/7/2023,manual,27,70,4000,28.3,74,0,False,False,0,False
12:10:25_20/7/2023,manual,27,70,4000,28.4,75,0,False,False,0,False
12:12:25_20/7/2023,manual,27,70,4000,28.5,75,0,False,False,0,False
12:14:25_20/7/2023,manual,27,70,4000,28.5,75,0,False,False,0,False
12:16:25_20/7/2023,manual,27,70,4000,28.5,76,0,False,False,0,False
12:18:25_20/7/2023,manual,27,70,4000,28.6,76,0,False,False,0,False
12:20:25_20/7/2023,manual,27,70,4000,28.7,76,0,False,False,0,False
12:22:25_20/7/2023,manual,27,70,4000,28.7,76,0,False,False,0,False
12:24:25_20/7/2023,manual,27,70,4000,28.7,76,0,False,False,0,False
12:26:25_20/7/2023,manual,27,70,4000,28.9,76,0,False,False,0,False
12:28:25_20/7/2023,manual,27,70,4000,28.9,76,0,False,False,0,False
12:30:25_20/7/2023,manual,27,70,4000,28.9,76,0,False,False,0,False
12:32:25_20/7/2023,manual,27,70,4000,29.0,77,0,False,False,0,False
12:34:25_20/7/2023,manual,27,70,4000,29.0,76,0,False,False,0,False
12:36:27_20/7/2023,manual,27,70,4000,29.1,76,0,False,False,0,False
12:38:25_20/7/2023,manual,27,70,4000,29.1,76,0,False,False,0,False
12:40:25_20/7/2023,manual,27,70,4000,29.2,76,0,False,False,0,False
12:42:25_20/7/2023,manual,27,70,4000,29.2,76,0,False,False,0,False
12:44:25_20/7/2023,manual,27,70,4000,29.3,76,0,False,False,0,False
12:46:25_20/7/2023,manual,27,70,4000,29.4,76,0,False,False,0,False
12:48:25_20/7/2023,manual,27,70,4000,29.4,76,0,False,False,0,False
12:50:25_20/7/2023,manual,27,70,4000,29.5,76,0,False,False,0,False
12:52:25_20/7/2023,manual,27,70,4000,29.5,65,21,False,False,0,False
13:20:15_20/7/2023,manual,30,70,4000,27.7,58,0,False,False,0,False
13:22:15_20/7/2023,manual,30,70,4000,27.6,62,0,False,False,0,False
13:24:15_20/7/2023,manual,30,70,4000,27.5,65,0,False,False,0,False
13:26:15_20/7/2023,manual,30,70,4000,27.5,67,0,False,False,0,False
13:28:15_20/7/2023,auto,27,70,4000,27.5,68,2070,False,False,0,False
13:30:15_20/7/2023,auto,27,70,4000,27.5,70,2090,False,False,0,False
13:32:15_20/7/2023,auto,27,70,4000,27.7,70,2083,False,False,0,False
13:34:15_20/7/2023,auto,27,70,4000,27.9,71,1830,False,False,0,False
13:36:15_20/7/2023,auto,27,70,4000,28.1,71,2090,False,False,0,False
13:38:15_20/7/2023,auto,27,70,4000,28.3,71,2096,False,False,0,False
13:40:15_20/7/2023,manual,27,70,4000,28.5,71,0,False,False,0,False
13:42:15_20/7/2023,manual,27,70,4000,28.4,49,0,False,True,0.75,False
13:44:15_20/7/2023,manual,27,70,4000,28.3,52,0,False,False,0.75,False
13:46:51_20/7/2023,auto,28,78,4000,28.4,57,2090,False,False,0,False
13:48:51_20/7/2023,auto,28,78,4000,28.6,59,2063,False,False,0,False
13:50:51_20/7/2023,auto,28,78,4000,28.8,60,2043,False,False,0,False
13:52:51_20/7/2023,auto,28,78,4000,29.0,62,1850,False,False,0,False
13:54:51_20/7/2023,auto,28,78,4000,29.2,63,1804,False,False,0,False
13:56:51_20/7/2023,auto,28,78,4000,29.4,60,2050,False,False,0,False
13:58:51_20/7/2023,auto,25,78,4000,29.5,59,1837,False,False,0,False
14:0:51_20/7/2023,auto,25,78,4000,29.5,51,1810,False,False,0,False
14:2:51_20/7/2023,auto,25,78,4000,29.3,47,1843,False,False,0,False
14:4:51_20/7/2023,auto,25,78,4000,28.9,44,1937,False,False,0,False
14:6:51_20/7/2023,auto,25,78,4000,28.3,43,1770,False,False,0,False
14:8:51_20/7/2023,auto,25,78,4000,27.5,42,1591,False,False,0,False
14:10:51_20/7/2023,auto,27,78,4000,26.9,47,1784,False,False,0,False
14:12:51_20/7/2023,auto,27,78,4000,26.2,59,1870,False,False,0,False
14:14:51_20/7/2023,auto,27,78,4000,25.8,68,1950,False,False,0,False
14:16:51_20/7/2023,auto,27,78,4000,25.5,77,1817,False,False,0,False
14:18:51_20/7/2023,auto,27,78,4000,25.4,82,2016,False,False,0,False
14:20:51_20/7/2023,auto,27,78,4000,25.4,85,1784,False,False,0,False
14:22:51_20/7/2023,auto,27,78,4000,25.5,87,1750,False,False,0,False
14:25:33_20/7/2023,auto,29,78,4000,25.6,75,1817,False,False,0,False
14:27:33_20/7/2023,auto,28,78,4000,25.6,82,1797,False,False,0,False
14:29:33_20/7/2023,auto,27,78,4000,25.6,82,2050,False,False,0,False
14:31:33_20/7/2023,auto,27,70,4000,25.7,75,1817,False,False,0,False
14:33:33_20/7/2023,auto,25,70,4000,25.7,83,2043,False,False,0,False
14:35:33_20/7/2023,auto,25,70,4000,25.8,88,1943,False,False,0,False
14:37:33_20/7/2023,auto,25,70,4000,25.8,77,1824,False,False,0,False
14:39:33_20/7/2023,auto,25,70,4000,26.0,83,1830,False,False,0,False
14:41:33_20/7/2023,auto,25,70,4000,26.1,85,1983,False,False,0,False
14:43:33_20/7/2023,auto,25,70,4000,26.3,85,1830,False,False,0,False
14:45:33_20/7/2023,auto,27,70,4000,26.5,85,1824,False,False,0,False
14:47:33_20/7/2023,auto,27,70,4000,26.6,74,1804,False,False,0,False
14:49:33_20/7/2023,auto,27,70,4000,26.7,80,2016,False,False,0,False
14:51:33_20/7/2023,auto,25,70,4000,26.7,78,1996,False,False,0,False
14:53:33_20/7/2023,auto,22,70,4000,26.8,83,1824,False,False,0,False
14:55:33_20/7/2023,auto,27,70,4000,26.8,75,1797,False,False,0,False
14:57:33_20/7/2023,auto,27,80,4000,26.8,80,2056,False,False,0,False
14:59:33_20/7/2023,auto,27,75,4000,26.8,85,2063,False,False,0,False
15:1:33_20/7/2023,auto,27,75,4000,26.8,82,1957,False,False,0,False
15:3:33_20/7/2023,auto,27,75,4000,26.8,81,1830,False,False,0,False
15:5:33_20/7/2023,auto,27,75,4000,26.9,85,1930,False,False,0,False
15:7:33_20/7/2023,auto,27,75,4000,26.9,82,1824,False,False,0,False
15:9:33_20/7/2023,auto,27,75,4000,27.0,81,2010,False,False,0,False
15:11:33_20/7/2023,auto,27,75,4000,27.0,85,1824,False,False,0,False
15:13:33_20/7/2023,auto,27,75,4000,27.0,82,1837,False,False,0,False
15:15:33_20/7/2023,auto,27,75,4000,27.1,86,1996,False,False,0,False
10:24:35_21/7/2023,manual,30,70,4000,23.6,77,0,False,False,0,False
10:26:35_21/7/2023,manual,30,70,4000,23.5,80,0,True,False,0,False
10:28:35_21/7/2023,auto,30,70,4000,23.4,78,2016,True,False,0,False
10:30:35_21/7/2023,auto,30,70,4000,23.3,79,2016,True,False,0,False
10:32:35_21/7/2023,auto,30,70,4000,23.2,81,0,True,False,0,False
10:34:35_21/7/2023,auto,30,70,4000,23.1,80,2030,True,False,0,False
10:36:35_21/7/2023,manual,30,70,4000,23.0,75,0,True,False,0,False
10:38:35_21/7/2023,auto,30,70,4000,23.0,80,2116,True,False,0,False
10:40:35_21/7/2023,manual,30,70,4000,22.9,81,0,True,False,0,False
10:42:35_21/7/2023,manual,30,70,4000,22.9,84,0,True,False,0,False
10:44:35_21/7/2023,auto,30,70,4000,22.8,75,0,True,False,0,False
10:46:35_21/7/2023,auto,30,70,4000,22.8,74,1837,True,False,0,False
10:48:35_21/7/2023,auto,30,70,4000,22.8,80,1843,True,False,0,False
10:50:35_21/7/2023,auto,30,70,4000,22.8,77,1784,True,False,0,False
10:52:35_21/7/2023,auto,30,70,4000,22.9,78,2030,True,False,0,False
10:54:35_21/7/2023,auto,30,70,4000,23.0,77,1804,True,False,0,False
10:56:35_21/7/2023,auto,20,70,4000,23.2,80,2030,True,False,0,False
10:58:35_21/7/2023,auto,20,70,4000,23.4,84,2050,True,False,0,False
11:0:35_21/7/2023,auto,20,70,4000,23.7,85,2043,True,False,0,False
11:2:35_21/7/2023,auto,20,70,4000,24.0,85,1804,True,False,0,False
11:4:35_21/7/2023,auto,20,70,4000,24.2,85,1863,True,False,0,False
11:6:35_21/7/2023,auto,20,70,4000,24.5,84,1817,True,False,0,False
11:8:35_21/7/2023,auto,20,70,4000,24.8,84,2076,True,False,0,False
11:10:35_21/7/2023,auto,20,70,4000,25.0,81,2043,True,False,0,False
11:12:35_21/7/2023,manual,30,70,4000,25.2,78,0,False,True,0,False
11:14:35_21/7/2023,manual,30,70,4000,25.3,84,0,False,True,0,False
11:16:35_21/7/2023,manual,30,70,4000,25.2,86,0,False,True,0,False
11:18:35_21/7/2023,auto,30,70,4000,25.2,82,2103,False,True,0,False
11:20:35_21/7/2023,auto,23,40,4000,25.3,79,1804,False,True,0,False
11:22:39_21/7/2023,auto,23,40,4000,25.4,86,1843,False,True,0,False
11:24:35_21/7/2023,auto,23,40,4000,25.5,88,2043,False,True,0,False
11:26:35_21/7/2023,auto,23,40,4000,25.6,88,2003,False,True,0,False
13:45:19_21/7/2023,auto,30,70,4000,25.3,77,1996,False,False,0,False
13:47:20_21/7/2023,manual,30,70,4000,25.2,77,0,False,False,0,False
13:53:18_21/7/2023,auto,30,70,4000,25.0,80,2023,False,False,0,False
13:55:18_21/7/2023,auto,30,70,4000,25.0,78,1804,False,False,0,False
13:57:18_21/7/2023,auto,30,70,4000,25.0,77,1863,False,False,0,False
13:59:18_21/7/2023,auto,30,70,4000,25.0,76,1917,False,False,0,False
14:1:20_21/7/2023,auto,30,70,4000,24.9,75,2003,False,False,0,False
14:3:18_21/7/2023,auto,30,70,4000,25.0,80,1790,False,False,0,False
14:5:18_21/7/2023,auto,30,70,4000,25.0,74,1963,False,False,0,False
14:7:18_21/7/2023,auto,30,70,4000,25.2,78,1857,False,False,0,False
14:9:18_21/7/2023,auto,30,70,4000,25.4,80,1857,False,False,0,False
14:11:18_21/7/2023,auto,30,70,4000,25.6,76,2149,False,False,0,False
14:13:18_21/7/2023,manual,30,70,4000,25.8,75,0,False,False,0,False
14:15:18_21/7/2023,manual,30,70,4000,26.0,80,0,False,True,0,False
14:17:18_21/7/2023,manual,30,70,4000,26.0,87,0,False,True,0,False
14:19:18_21/7/2023,auto,30,70,4000,26.0,93,1804,False,True,0,False
14:21:18_21/7/2023,auto,22,70,4000,25.8,69,1730,False,True,0,False
14:23:18_21/7/2023,auto,22,70,4000,25.8,59,1837,False,True,0,False
14:25:18_21/7/2023,auto,22,70,4000,25.6,54,1704,False,True,0,False
14:27:18_21/7/2023,auto,22,70,4000,25.3,51,1697,False,True,0,False
14:29:18_21/7/2023,auto,22,70,4000,24.8,50,1724,False,True,0,False
14:31:18_21/7/2023,auto,22,70,4000,24.4,49,1910,False,True,0,False
14:33:18_21/7/2023,auto,22,70,4000,23.9,48,1677,False,True,0,False
14:35:18_21/7/2023,auto,22,70,4000,23.4,60,1910,False,True,0,False
14:39:41_21/7/2023,auto,30,70,4000,22.9,84,1764,False,False,0,False
14:41:41_21/7/2023,auto,30,75,4000,22.8,75,1730,False,False,0,False
14:47:48_21/7/2023,auto,30,70,4000,23.1,80,1591,False,False,0,False
14:50:29_21/7/2023,auto,28,75,4000,23.3,85,1843,False,False,0,False
14:54:8_21/7/2023,auto,30,75,4500,23.5,82,1910,False,False,0,False
14:56:8_21/7/2023,auto,30,75,4500,23.6,85,2203,False,False,0,False
14:58:8_21/7/2023,auto,30,75,4500,23.6,81,2016,False,False,0,False
15:0:8_21/7/2023,auto,30,75,4500,23.8,80,1923,False,False,0,False
15:3:55_21/7/2023,auto,30,70,4000,24.0,83,2163,False,False,0,False
15:5:55_21/7/2023,auto,22,70,4000,24.1,70,1724,False,False,0,False
15:7:55_21/7/2023,auto,23,70,1000,24.1,64,1710,False,False,0,False
15:9:55_21/7/2023,auto,20,30,2000,24.0,76,846,False,False,0,False
15:11:55_21/7/2023,auto,20,30,2000,23.9,79,806,False,False,0,False
15:13:55_21/7/2023,manual,20,30,2000,23.9,79,2289,False,False,12.25,False
15:15:55_21/7/2023,manual,20,30,2000,24.0,88,0,False,False,0.0,False
15:17:55_21/7/2023,manual,20,30,2000,24.2,92,0,False,False,0.0,False
15:20:21_21/7/2023,auto,28,75,1000,24.2,77,420,False,False,0,False
15:22:21_21/7/2023,manual,28,75,1000,24.3,85,0,False,False,0,False
15:24:21_21/7/2023,manual,28,75,4000,24.3,81,0,False,False,0,False
15:26:21_21/7/2023,manual,28,75,4000,24.4,85,1950,False,False,16.25,False
15:28:21_21/7/2023,manual,28,75,4000,24.5,91,4843,False,False,25.0,False
15:30:21_21/7/2023,manual,28,75,4000,24.8,95,354,False,False,2.5,False
15:33:30_21/7/2023,auto,30,70,4000,25.0,85,1677,False,False,0,False
15:35:30_21/7/2023,auto,30,70,5000,25.0,76,2289,False,False,0,False
15:37:30_21/7/2023,auto,20,80,5000,25.1,82,2316,False,False,0,False
10:46:30_22/7/2023,auto,30,70,4000,23.9,77,1923,False,False,0,False
10:48:30_22/7/2023,auto,30,70,4000,23.8,76,1903,False,False,0,False
10:50:30_22/7/2023,auto,23,70,4000,23.7,76,2050,False,False,0,False
10:52:30_22/7/2023,auto,24,70,4000,23.6,83,2116,False,False,0,False
10:54:30_22/7/2023,auto,26,70,4000,23.6,82,2129,False,False,0,False
10:56:30_22/7/2023,auto,26,70,4000,23.6,77,1883,False,False,0,False
10:58:30_22/7/2023,auto,26,70,4000,23.6,76,1870,False,False,0,False
11:0:30_22/7/2023,auto,26,70,4000,23.6,76,1850,False,False,0,False
11:2:30_22/7/2023,manual,26,70,4000,23.5,79,0,False,False,0,False
11:4:30_22/7/2023,manual,26,70,4000,23.5,87,0,False,False,0,False
11:16:53_22/7/2023,auto,24,70,4000,23.9,79,2129,False,False,0,False
11:18:53_22/7/2023,auto,24,70,4000,24.0,80,2149,False,False,0,False
11:20:53_22/7/2023,manual,24,70,4000,24.1,77,0,False,False,0,False
11:24:10_22/7/2023,auto,25,75,3500,24.0,79,1604,False,False,0,False
11:27:44_22/7/2023,manual,26,76,3600,24.1,91,0,False,False,0,False
11:29:44_22/7/2023,manual,26,76,3600,24.2,96,0,False,False,0,False
11:31:44_22/7/2023,manual,26,76,3600,24.2,99,0,False,False,0,False
11:33:44_22/7/2023,manual,26,76,3600,24.3,99,0,False,False,0,False
11:35:44_22/7/2023,manual,30,70,4000,24.4,99,0,False,False,0,False
11:37:44_22/7/2023,auto,23,70,4000,24.5,97,2043,False,False,0,False
11:39:44_22/7/2023,auto,23,70,4100,24.5,69,2289,False,False,0,False
11:41:44_22/7/2023,auto,23,70,4000,24.5,60,2023,False,False,0,False
11:48:26_22/7/2023,auto,30,70,4000,24.4,67,2050,False,False,0,False
11:50:26_22/7/2023,auto,27,70,4000,24.4,59,1837,False,False,0,False
11:52:26_22/7/2023,auto,27,70,4000,24.4,71,1770,False,False,0,False
11:54:26_22/7/2023,auto,27,70,6000,24.5,81,2814,False,False,0,False
11:56:26_22/7/2023,auto,24,70,6000,24.7,89,3054,False,False,0,False
11:58:26_22/7/2023,auto,24,70,6000,25.0,93,2695,False,False,0,False
12:0:26_22/7/2023,auto,24,70,4000,25.0,65,2036,False,False,0,False
12:2:26_22/7/2023,auto,24,70,4000,25.0,60,1757,False,False,0,False
12:4:26_22/7/2023,auto,24,70,4000,25.0,72,1937,False,False,0,False
12:6:26_22/7/2023,auto,24,70,4000,24.8,83,2030,False,False,0,False
12:8:26_22/7/2023,auto,24,70,4000,24.8,90,2003,False,False,0,False
12:10:26_22/7/2023,auto,24,70,4000,25.0,94,1817,False,False,0,False
12:12:26_22/7/2023,auto,24,70,4000,25.0,67,1843,False,False,0,False
12:14:26_22/7/2023,auto,24,70,4000,24.9,59,1757,False,False,0,False
12:16:27_22/7/2023,auto,24,70,4000,24.8,71,1963,False,False,0,False
12:18:26_22/7/2023,auto,24,70,4000,24.7,82,1863,False,False,0,False
12:20:26_22/7/2023,auto,24,70,4000,24.7,90,1917,False,False,0,False
12:22:26_22/7/2023,auto,24,70,4000,24.8,94,1804,False,False,0,False
12:24:26_22/7/2023,auto,24,70,4000,25.0,86,1790,False,False,0,False
12:26:26_22/7/2023,auto,24,70,4000,25.0,63,2023,False,False,0,False
12:28:26_22/7/2023,auto,24,70,4000,25.0,62,1996,False,False,0,False
12:30:26_22/7/2023,auto,24,70,4000,24.8,74,1744,False,False,0,False
12:32:26_22/7/2023,auto,24,70,4000,24.8,79,1797,False,False,0,False
12:34:26_22/7/2023,auto,24,70,4000,24.6,61,2023,False,False,0,False
12:36:26_22/7/2023,auto,24,70,4000,24.5,65,1744,False,False,0,False
12:38:26_22/7/2023,auto,24,70,4000,24.4,76,1784,False,False,0,False
12:40:26_22/7/2023,auto,24,70,4000,24.4,86,2010,False,False,0,False
12:42:26_22/7/2023,auto,24,70,4000,24.4,92,1917,False,False,0,False
12:44:26_22/7/2023,auto,24,70,4000,24.6,95,1857,False,False,0,False
12:46:32_22/7/2023,auto,24,70,4000,24.9,97,1804,False,False,0,False
12:48:26_22/7/2023,auto,24,70,4000,25.0,76,1957,False,False,0,False
12:50:26_22/7/2023,auto,24,70,4000,25.0,60,2023,False,False,0,False
13:11:32_24/7/2023,auto,27,70,4000,23.5,59,1737,False,False,0,False
13:13:32_24/7/2023,auto,27,70,4000,23.3,64,1976,False,False,0,False
13:15:32_24/7/2023,auto,27,70,4000,23.1,62,1717,False,False,0,False
13:17:32_24/7/2023,auto,27,70,4000,23.0,74,1737,False,False,0,False
13:19:32_24/7/2023,auto,27,70,4000,23.0,84,1870,False,False,0,False
13:21:32_24/7/2023,auto,27,70,4000,23.2,91,1976,False,False,0,False
13:23:32_24/7/2023,auto,27,70,4000,23.5,95,1970,False,False,0,False
13:25:32_24/7/2023,auto,27,70,4000,23.9,97,1950,False,False,0,False
13:27:32_24/7/2023,auto,27,70,4000,24.1,76,1744,False,False,0,False
13:29:32_24/7/2023,auto,27,70,4000,24.2,60,1730,False,False,0,False
13:31:32_24/7/2023,auto,27,70,4000,24.3,68,1717,False,False,0,False
13:33:32_24/7/2023,auto,27,70,4000,24.2,79,1943,False,False,0,False
13:35:32_24/7/2023,auto,27,70,4000,24.3,87,1923,False,False,0,False
13:37:32_24/7/2023,auto,27,70,4000,24.4,93,1750,False,False,0,False
13:39:32_24/7/2023,auto,27,70,4000,24.6,95,1850,False,False,0,False
13:41:32_24/7/2023,auto,27,70,4000,24.8,96,1757,False,False,0,False
13:43:32_24/7/2023,auto,27,70,4000,25.0,97,1757,False,False,0,False
13:45:32_24/7/2023,auto,27,70,4000,25.4,97,1764,False,False,0,False
13:47:32_24/7/2023,auto,27,70,4000,25.6,98,1824,False,False,0,False
13:49:32_24/7/2023,auto,27,70,4000,25.8,98,1883,False,False,0,False
13:51:32_24/7/2023,auto,27,70,4000,26.0,98,2010,False,False,0,False
13:53:32_24/7/2023,auto,27,70,4000,26.3,98,1757,False,False,0,False
13:55:32_24/7/2023,auto,27,70,4000,26.4,89,1797,False,False,0,False
13:57:32_24/7/2023,auto,27,70,4000,26.4,62,1770,False,False,0,False
13:59:32_24/7/2023,auto,27,70,4000,26.3,65,1750,False,False,0,False
14:1:32_24/7/2023,auto,27,70,4000,26.1,76,1810,False,False,0,False
14:3:32_24/7/2023,auto,27,70,4000,26.0,84,1744,False,False,0,False
14:5:32_24/7/2023,auto,27,70,4000,26.0,91,1890,False,False,0,False
14:7:32_24/7/2023,auto,27,70,4000,26.0,94,1996,False,False,0,False
14:9:33_24/7/2023,auto,27,70,4000,26.2,96,1757,False,False,0,False
14:11:32_24/7/2023,auto,27,70,4000,26.4,97,2016,False,False,0,False
14:13:32_24/7/2023,auto,27,70,4000,26.5,97,1770,False,False,0,False
14:15:32_24/7/2023,auto,27,70,4000,26.7,97,1950,False,False,0,False
14:17:32_24/7/2023,auto,27,70,4000,26.9,98,1790,False,False,0,False
14:19:32_24/7/2023,auto,27,70,4000,27.0,77,1770,False,False,0,False
14:21:32_24/7/2023,auto,27,70,4000,27.0,62,1903,False,False,0,False
14:23:32_24/7/2023,auto,27,70,4000,26.8,64,1903,False,False,0,False
14:25:32_24/7/2023,auto,27,70,4000,26.6,75,1710,False,False,0,False
14:27:32_24/7/2023,auto,27,70,4000,26.5,84,1857,False,False,0,False
14:29:32_24/7/2023,auto,27,70,4000,26.4,62,1757,False,False,0,False
14:31:32_24/7/2023,auto,27,70,4000,26.1,65,1710,False,False,0,False
14:33:32_24/7/2023,auto,27,70,4000,26.0,75,1750,False,False,0,False
14:35:32_24/7/2023,auto,27,70,4000,25.9,84,1863,False,False,0,False
14:37:32_24/7/2023,auto,27,70,4000,25.8,90,1757,False,False,0,False
14:39:32_24/7/2023,auto,27,70,4000,26.0,94,2003,False,False,0,False
14:41:32_24/7/2023,auto,27,70,4000,26.1,95,1757,False,False,0,False
14:43:32_24/7/2023,auto,27,70,4000,26.3,96,1757,False,False,0,False
14:45:32_24/7/2023,auto,27,70,4000,26.5,97,1777,False,False,0,False
14:47:32_24/7/2023,auto,27,70,4000,26.7,97,1837,False,False,0,False
14:49:32_24/7/2023,auto,27,70,4000,26.9,97,1777,False,False,0,False
14:51:32_24/7/2023,auto,27,70,4000,27.0,83,1970,False,False,0,False
14:53:32_24/7/2023,auto,27,70,4000,27.0,59,1843,False,False,0,False
14:55:32_24/7/2023,auto,27,70,4000,26.9,67,1710,False,False,0,False
14:57:32_24/7/2023,auto,27,70,4000,26.7,77,1750,False,False,0,False
14:59:32_24/7/2023,auto,27,70,4000,26.5,67,1737,False,False,0,False
15:1:32_24/7/2023,auto,27,70,4000,26.4,61,1883,False,False,0,False
15:3:32_24/7/2023,auto,27,70,4000,26.1,66,1744,False,False,0,False
15:5:32_24/7/2023,auto,27,70,4000,25.9,77,1757,False,False,0,False
15:7:34_24/7/2023,auto,27,70,4000,25.8,86,1730,False,False,0,False
15:9:38_24/7/2023,auto,27,70,4000,25.8,90,1963,False,False,0,False
15:11:34_24/7/2023,auto,27,70,4000,25.8,93,1737,False,False,0,False
15:13:34_24/7/2023,auto,27,70,4000,26.0,95,1764,False,False,0,False
15:15:34_24/7/2023,auto,27,70,4000,26.2,96,1930,False,False,0,False
15:17:34_24/7/2023,auto,27,70,4000,26.4,96,1730,False,False,0,False
15:19:34_24/7/2023,auto,27,70,4000,26.6,97,1877,False,False,0,False
15:21:34_24/7/2023,auto,27,70,4000,26.8,97,1777,False,False,0,False
15:23:34_24/7/2023,auto,27,70,4000,27.0,97,1983,False,False,0,False
15:25:34_24/7/2023,auto,27,70,4000,27.0,66,1777,False,False,0,False
15:27:34_24/7/2023,auto,27,70,4000,26.9,62,1717,False,False,0,False
15:29:34_24/7/2023,auto,27,70,4000,26.7,72,1917,False,False,0,False
15:31:34_24/7/2023,auto,27,70,4000,26.6,82,1764,False,False,0,False
15:33:34_24/7/2023,auto,27,70,4000,26.5,88,1837,False,False,0,False
15:35:34_24/7/2023,auto,27,70,4000,26.6,92,1996,False,False,0,False
15:37:34_24/7/2023,auto,27,70,4000,26.6,94,1757,False,False,0,False
15:39:34_24/7/2023,auto,27,70,4000,26.8,95,1737,False,False,0,False
15:41:34_24/7/2023,auto,27,70,4000,26.9,96,1923,False,False,0,False
15:43:34_24/7/2023,auto,27,70,4000,27.0,69,0,False,False,0,False
15:45:34_24/7/2023,auto,27,70,4000,26.9,59,1757,False,False,0,False
15:47:34_24/7/2023,auto,27,70,4000,26.8,70,1950,False,False,0,False
15:49:34_24/7/2023,auto,27,70,4000,26.6,80,1744,False,False,0,False
15:51:34_24/7/2023,auto,27,70,4000,26.5,87,1764,False,False,0,False
15:53:34_24/7/2023,auto,27,70,4000,26.5,91,1770,False,False,0,False
15:55:34_24/7/2023,auto,27,70,4000,26.6,94,1777,False,False,0,False
15:57:34_24/7/2023,auto,27,70,4000,26.7,95,1990,False,False,0,False
15:59:34_24/7/2023,auto,27,70,4000,26.8,95,1770,False,False,0,False
16:1:34_24/7/2023,auto,27,70,4000,27.0,91,1957,False,False,0,False
16:3:34_24/7/2023,auto,27,70,4000,27.0,63,1770,False,False,0,False
16:5:34_24/7/2023,auto,27,70,4000,26.9,65,1830,False,False,0,False
16:7:34_24/7/2023,auto,27,70,4000,26.7,75,1897,False,False,0,False
16:9:39_24/7/2023,auto,27,70,4000,26.6,84,2003,False,False,0,False
16:11:34_24/7/2023,auto,27,70,4000,26.6,90,1777,False,False,0,False
16:13:34_24/7/2023,auto,27,70,4000,26.6,93,1770,False,False,0,False
16:15:34_24/7/2023,auto,27,70,4000,26.7,94,1897,False,False,0,False
16:17:34_24/7/2023,auto,27,70,4000,26.9,95,1950,False,False,0,False
16:19:34_24/7/2023,auto,27,70,4000,27.0,81,1996,False,False,0,False
16:21:34_24/7/2023,auto,27,70,4000,26.9,60,1777,False,False,0,False
16:23:34_24/7/2023,auto,27,70,4000,26.8,67,1750,False,False,0,False
16:25:34_24/7/2023,auto,27,70,4000,26.7,77,1770,False,False,0,False
16:27:34_24/7/2023,auto,27,70,4000,26.6,85,1764,False,False,0,False
16:29:34_24/7/2023,auto,27,70,4000,26.5,90,1970,False,False,0,False
16:31:34_24/7/2023,auto,27,70,4000,26.6,93,1764,False,False,0,False
16:33:34_24/7/2023,auto,27,70,4000,26.7,94,1770,False,False,0,False
16:35:34_24/7/2023,auto,27,70,4000,26.8,69,1777,False,False,0,False
16:37:34_24/7/2023,auto,27,70,4000,26.7,61,1717,False,False,0,False
16:39:34_24/7/2023,auto,27,70,4000,26.6,71,1804,False,False,0,False
16:41:34_24/7/2023,auto,27,70,4000,26.4,81,1744,False,False,0,False
16:43:34_24/7/2023,auto,27,70,4000,26.4,87,1937,False,False,0,False
16:45:34_24/7/2023,auto,27,70,4000,26.4,91,1737,False,False,0,False
16:47:34_24/7/2023,auto,27,70,4000,26.5,93,1830,False,False,0,False
16:49:34_24/7/2023,auto,27,70,4000,26.7,94,1737,False,False,0,False
16:51:34_24/7/2023,auto,27,70,4000,26.8,95,1790,False,False,0,False
16:53:34_24/7/2023,auto,27,70,4000,27.0,95,1983,False,False,0,False
16:55:34_24/7/2023,auto,27,70,4000,27.0,64,1910,False,False,0,False
16:57:34_24/7/2023,auto,27,70,4000,26.9,64,1790,False,False,0,False
16:59:34_24/7/2023,auto,27,70,4000,26.8,74,1757,False,False,0,False
17:1:34_24/7/2023,auto,27,70,4000,26.7,82,1797,False,False,0,False
17:3:34_24/7/2023,auto,27,70,4000,26.6,88,1777,False,False,0,False
17:5:34_24/7/2023,auto,27,70,4000,26.6,92,1790,False,False,0,False
17:7:34_24/7/2023,auto,27,70,4000,26.7,93,1784,False,False,0,False
17:9:39_24/7/2023,auto,27,70,4000,26.9,94,1784,False,False,0,False
17:11:34_24/7/2023,auto,27,70,4000,27.0,86,1757,False,False,0,False
17:13:34_24/7/2023,auto,27,70,4000,26.9,59,1790,False,False,0,False
17:15:34_24/7/2023,auto,27,70,4000,26.8,66,1950,False,False,0,False
17:17:34_24/7/2023,auto,27,70,4000,26.7,75,1744,False,False,0,False
17:19:34_24/7/2023,auto,27,70,4000,26.5,69,1810,False,False,0,False
17:21:34_24/7/2023,auto,27,70,4000,26.3,60,1890,False,False,0,False
17:23:34_24/7/2023,auto,27,70,4000,26.1,70,1750,False,False,0,False
17:25:34_24/7/2023,auto,27,70,4000,26.0,79,1983,False,False,0,False
17:27:34_24/7/2023,auto,27,70,4000,25.9,86,1764,False,False,0,False
17:29:34_24/7/2023,auto,27,70,4000,25.9,90,1930,False,False,0,False
17:31:34_24/7/2023,auto,27,70,4000,26.0,92,2010,False,False,0,False
17:33:34_24/7/2023,auto,27,70,4000,26.1,93,1770,False,False,0,False
17:35:34_24/7/2023,auto,27,70,4000,26.3,94,2050,False,False,0,False
17:37:34_24/7/2023,auto,27,70,4000,26.5,95,2056,False,False,0,False
17:39:34_24/7/2023,auto,27,70,4000,26.6,95,2050,False,False,0,False
17:41:34_24/7/2023,auto,27,70,4000,26.8,95,2050,False,False,0,False
17:43:34_24/7/2023,auto,27,70,4000,27.0,92,1810,False,False,0,False
17:45:34_24/7/2023,auto,27,70,4000,27.0,62,2030,False,False,0,False
17:47:34_24/7/2023,auto,27,70,4000,26.9,64,1744,False,False,0,False
17:49:34_24/7/2023,auto,27,70,4000,26.7,74,1804,False,False,0,False
17:51:34_24/7/2023,auto,27,70,4000,26.6,82,1790,False,False,0,False
17:53:34_24/7/2023,auto,27,70,4000,26.5,88,1937,False,False,0,False
17:55:34_24/7/2023,auto,27,70,4000,26.5,91,1770,False,False,0,False
17:57:34_24/7/2023,auto,27,70,4000,26.6,93,1890,False,False,0,False
17:59:34_24/7/2023,auto,27,70,4000,26.7,76,1976,False,False,0,False
18:1:34_24/7/2023,auto,27,70,0,26.6,61,0,False,False,0,False
18:3:34_24/7/2023,auto,27,70,0,26.4,62,0,False,False,0,False
18:5:34_24/7/2023,auto,27,70,0,26.2,70,0,False,False,0,False
18:7:34_24/7/2023,auto,27,70,0,26.0,78,0,False,False,0,False
18:9:39_24/7/2023,auto,27,70,0,25.8,84,0,False,False,0,False
18:11:34_24/7/2023,auto,27,70,0,25.7,88,0,False,False,0,False
18:13:34_24/7/2023,auto,27,70,0,25.5,66,0,False,False,0,False
18:15:34_24/7/2023,auto,27,70,0,25.3,59,0,False,False,0,False
18:17:34_24/7/2023,auto,27,70,0,25.0,67,0,False,False,0,False
18:19:34_24/7/2023,auto,27,70,0,24.9,75,0,False,False,0,False
18:21:34_24/7/2023,auto,27,70,0,24.7,82,0,False,False,0,False
18:23:34_24/7/2023,auto,27,70,0,24.6,87,0,False,False,0,False
18:25:34_24/7/2023,auto,27,70,0,24.6,90,0,False,False,0,False
18:27:34_24/7/2023,auto,27,70,0,24.6,92,0,False,False,0,False
18:29:34_24/7/2023,auto,27,70,0,24.6,91,0,False,False,0,False
18:31:34_24/7/2023,auto,27,70,0,24.5,68,0,False,False,0,False
18:33:34_24/7/2023,auto,27,70,0,24.4,59,0,False,False,0,False
18:35:34_24/7/2023,auto,27,70,0,24.2,66,0,False,False,0,False
18:37:34_24/7/2023,auto,27,70,0,24.1,75,0,False,False,0,False
18:39:34_24/7/2023,auto,27,70,0,24.0,83,0,False,False,0,False
18:41:34_24/7/2023,auto,27,70,0,24.0,89,0,False,False,0,False
18:43:34_24/7/2023,auto,27,70,0,24.0,93,0,False,False,0,False
18:45:34_24/7/2023,auto,27,70,0,24.0,95,0,False,False,0,False
18:47:34_24/7/2023,auto,27,70,0,24.1,96,0,False,False,0,False
18:49:34_24/7/2023,auto,27,70,0,24.2,97,0,False,False,0,False
18:51:34_24/7/2023,auto,27,70,0,24.3,98,0,False,False,0,False
18:53:34_24/7/2023,auto,27,70,0,24.4,99,0,False,False,0,False
18:55:34_24/7/2023,auto,27,70,0,24.5,99,0,False,False,0,False
18:57:34_24/7/2023,auto,27,70,0,24.7,99,0,False,False,0,False
18:59:34_24/7/2023,auto,27,70,0,24.8,99,0,False,False,0,False
19:1:34_24/7/2023,auto,27,70,0,25.0,99,0,False,False,0,False
19:3:34_24/7/2023,auto,27,70,0,25.0,99,0,False,False,0,False
19:5:34_24/7/2023,auto,27,70,0,25.2,99,0,False,False,0,False
19:7:34_24/7/2023,auto,27,70,0,25.3,99,0,False,False,0,False
19:9:35_24/7/2023,auto,27,70,0,25.4,99,0,False,False,0,False
19:11:34_24/7/2023,auto,27,70,0,25.5,99,0,False,False,0,False
19:13:34_24/7/2023,auto,27,70,0,25.6,99,0,False,False,0,False
19:15:34_24/7/2023,auto,27,70,0,25.7,99,0,False,False,0,False
19:17:34_24/7/2023,auto,27,70,0,25.8,99,0,False,False,0,False
19:19:34_24/7/2023,auto,27,70,0,25.8,99,0,False,False,0,False
19:21:34_24/7/2023,auto,27,70,0,26.0,99,0,False,False,0,False
19:23:34_24/7/2023,auto,27,70,0,26.0,99,0,False,False,0,False
19:25:34_24/7/2023,auto,27,70,0,26.1,99,0,False,False,0,False
19:27:34_24/7/2023,auto,27,70,0,26.2,99,0,False,False,0,False
19:29:34_24/7/2023,auto,27,70,0,26.3,99,0,False,False,0,False
19:31:34_24/7/2023,auto,27,70,0,26.4,99,0,False,False,0,False
19:33:34_24/7/2023,auto,27,70,0,26.4,99,0,False,False,0,False
19:35:34_24/7/2023,auto,27,70,0,26.5,99,0,False,False,0,False
19:37:34_24/7/2023,auto,27,70,0,26.5,99,0,False,False,0,False
19:39:34_24/7/2023,auto,27,70,0,26.6,99,0,False,False,0,False
19:41:34_24/7/2023,auto,27,70,0,26.7,99,0,False,False,0,False
19:43:34_24/7/2023,auto,27,70,0,26.8,99,0,False,False,0,False
19:45:34_24/7/2023,auto,27,70,0,26.8,99,0,False,False,0,False
19:47:34_24/7/2023,auto,27,70,0,26.9,99,0,False,False,0,False
19:49:34_24/7/2023,auto,27,70,0,26.9,99,0,False,False,0,False
19:51:34_24/7/2023,auto,27,70,0,26.7,73,0,False,False,0,False
19:53:34_24/7/2023,auto,27,70,0,26.5,62,0,False,False,0,False
19:55:34_24/7/2023,auto,27,70,0,26.4,62,0,False,False,0,False
19:57:34_24/7/2023,auto,27,70,0,26.1,71,0,False,False,0,False
19:59:34_24/7/2023,auto,27,70,0,26.0,79,0,False,False,0,False
20:1:34_24/7/2023,auto,27,70,0,25.8,86,0,False,False,0,False
20:3:34_24/7/2023,auto,27,70,0,25.7,91,0,False,False,0,False
20:5:34_24/7/2023,auto,27,70,0,25.6,93,0,False,False,0,False
20:7:34_24/7/2023,auto,27,70,0,25.6,95,0,False,False,0,False
20:9:39_24/7/2023,auto,27,70,0,25.6,97,0,False,False,0,False
20:11:34_24/7/2023,auto,27,70,0,25.6,98,0,False,False,0,False
20:13:34_24/7/2023,auto,27,70,0,25.6,99,0,False,False,0,False
20:15:34_24/7/2023,auto,27,70,0,25.7,99,0,False,False,0,False
20:17:34_24/7/2023,auto,27,70,0,25.8,99,0,False,False,0,False
20:19:34_24/7/2023,auto,27,70,0,25.8,99,0,False,False,0,False
20:21:34_24/7/2023,auto,27,70,0,25.8,99,0,False,False,0,False
20:23:34_24/7/2023,auto,27,70,0,26.0,99,0,False,False,0,False
20:25:34_24/7/2023,auto,27,70,0,26.0,99,0,False,False,0,False
20:27:34_24/7/2023,auto,27,70,0,26.0,99,0,False,False,0,False
20:29:34_24/7/2023,auto,27,70,0,26.1,99,0,False,False,0,False
20:31:34_24/7/2023,auto,27,70,0,26.2,99,0,False,False,0,False
20:33:34_24/7/2023,auto,27,70,0,26.3,99,0,False,False,0,False
20:35:34_24/7/2023,auto,27,70,0,26.4,99,0,False,False,0,False
20:37:34_24/7/2023,auto,27,70,0,26.4,99,0,False,False,0,False
20:39:34_24/7/2023,auto,27,70,0,26.5,99,0,False,False,0,False
20:41:34_24/7/2023,auto,27,70,0,26.6,99,0,False,False,0,False
20:43:34_24/7/2023,auto,27,70,0,26.6,99,0,False,False,0,False
20:45:34_24/7/2023,auto,27,70,0,26.7,99,0,False,False,0,False
20:47:34_24/7/2023,auto,27,70,0,26.7,99,0,False,False,0,False
20:49:34_24/7/2023,auto,27,70,0,26.8,99,0,False,False,0,False
20:51:34_24/7/2023,auto,27,70,0,26.9,99,0,False,False,0,False
20:53:34_24/7/2023,auto,27,70,0,26.7,77,0,False,False,0,False
20:55:34_24/7/2023,auto,27,70,0,26.6,64,0,False,False,0,False
20:57:34_24/7/2023,auto,27,70,0,26.4,60,0,False,False,0,False
20:59:34_24/7/2023,auto,27,70,0,26.2,69,0,False,False,0,False
21:1:34_24/7/2023,auto,27,70,0,26.0,78,0,False,False,0,False
21:3:34_24/7/2023,auto,27,70,0,25.8,85,0,False,False,0,False
21:5:34_24/7/2023,auto,27,70,0,25.8,90,0,False,False,0,False
21:7:34_24/7/2023,auto,27,70,0,25.6,93,0,False,False,0,False
21:9:39_24/7/2023,auto,27,70,0,25.6,95,0,False,False,0,False
21:11:34_24/7/2023,auto,27,70,0,25.6,96,0,False,False,0,False
21:13:34_24/7/2023,auto,27,70,0,25.6,98,0,False,False,0,False
21:15:34_24/7/2023,auto,27,70,0,25.6,97,0,False,False,0,False
21:17:34_24/7/2023,auto,27,70,0,25.6,72,0,False,False,0,False
21:19:34_24/7/2023,auto,27,70,0,25.4,61,0,False,False,0,False
21:21:34_24/7/2023,auto,27,70,0,25.2,62,0,False,False,0,False
21:23:34_24/7/2023,auto,27,70,0,25.0,72,0,False,False,0,False
21:25:34_24/7/2023,auto,27,70,0,25.0,81,0,False,False,0,False
21:27:34_24/7/2023,auto,27,70,0,24.8,74,0,False,False,0,False
21:29:34_24/7/2023,auto,27,70,0,24.6,61,0,False,False,0,False
21:31:34_24/7/2023,auto,27,70,0,24.4,63,0,False,False,0,False
21:33:34_24/7/2023,auto,27,70,0,24.3,73,0,False,False,0,False
21:35:34_24/7/2023,auto,27,70,0,24.2,82,0,False,False,0,False
21:37:34_24/7/2023,auto,27,70,0,24.2,89,0,False,False,0,False
21:39:34_24/7/2023,auto,27,70,0,24.1,69,0,False,False,0,False
21:41:34_24/7/2023,auto,27,70,0,24.0,60,0,False,False,0,False
21:43:34_24/7/2023,auto,27,70,0,23.9,65,0,False,False,0,False
21:45:34_24/7/2023,auto,27,70,0,23.8,75,0,False,False,0,False
21:47:34_24/7/2023,auto,27,70,0,23.6,84,0,False,False,0,False
21:49:34_24/7/2023,auto,27,70,0,23.7,90,0,False,False,0,False
21:51:34_24/7/2023,auto,27,70,0,23.8,94,0,False,False,0,False
21:53:34_24/7/2023,auto,27,70,0,23.9,96,0,False,False,0,False
21:55:34_24/7/2023,auto,27,70,0,23.8,72,0,False,False,0,False
21:57:34_24/7/2023,auto,27,70,0,23.8,62,0,False,False,0,False
21:59:34_24/7/2023,auto,27,70,0,23.7,62,0,False,False,0,False
22:1:34_24/7/2023,auto,27,70,0,23.6,72,0,False,False,0,False
22:3:34_24/7/2023,auto,27,70,0,23.6,81,0,False,False,0,False
22:5:34_24/7/2023,auto,27,70,0,23.6,89,0,False,False,0,False
22:7:34_24/7/2023,auto,27,70,0,23.6,93,0,False,False,0,False
22:9:39_24/7/2023,auto,27,70,0,23.7,96,0,False,False,0,False
22:11:34_24/7/2023,auto,27,70,0,23.9,98,0,False,False,0,False
22:13:34_24/7/2023,auto,27,70,0,24.0,99,0,False,False,0,False
22:15:34_24/7/2023,auto,27,70,0,24.2,99,0,False,False,0,False
22:17:34_24/7/2023,auto,27,70,0,24.3,99,0,False,False,0,False
22:19:34_24/7/2023,auto,27,70,0,24.5,99,0,False,False,0,False
22:21:34_24/7/2023,auto,27,70,0,24.5,91,0,False,False,0,False
22:23:34_24/7/2023,auto,27,70,0,24.5,70,0,False,False,0,False
22:25:34_24/7/2023,auto,27,70,0,24.4,62,0,False,False,0,False
22:27:34_24/7/2023,auto,27,70,0,24.4,63,0,False,False,0,False
22:29:34_24/7/2023,auto,27,70,0,24.2,73,0,False,False,0,False
22:31:34_24/7/2023,auto,27,70,0,24.2,82,0,False,False,0,False
22:33:34_24/7/2023,auto,27,70,0,24.2,89,0,False,False,0,False
22:35:34_24/7/2023,auto,27,70,0,24.2,93,0,False,False,0,False
22:37:34_24/7/2023,auto,27,70,0,24.2,96,0,False,False,0,False
22:39:34_24/7/2023,auto,27,70,0,24.3,97,0,False,False,0,False
22:41:34_24/7/2023,auto,27,70,0,24.4,99,0,False,False,0,False
22:43:34_24/7/2023,auto,27,70,0,24.5,99,0,False,False,0,False
22:45:34_24/7/2023,auto,27,70,0,24.6,99,0,False,False,0,False
22:47:34_24/7/2023,auto,27,70,0,24.8,99,0,False,False,0,False
22:49:34_24/7/2023,auto,27,70,0,24.7,77,0,False,False,0,False
22:51:34_24/7/2023,auto,27,70,0,24.7,65,0,False,False,0,False
22:53:34_24/7/2023,auto,27,70,0,24.5,59,0,False,False,0,False
22:55:34_24/7/2023,auto,27,70,0,24.5,68,0,False,False,0,False
22:57:34_24/7/2023,auto,27,70,0,24.4,78,0,False,False,0,False
22:59:34_24/7/2023,auto,27,70,0,24.2,86,0,False,False,0,False
23:1:34_24/7/2023,auto,27,70,0,24.2,92,0,False,False,0,False
23:3:34_24/7/2023,auto,27,70,0,24.3,95,0,False,False,0,False
23:5:34_24/7/2023,auto,27,70,0,24.4,97,0,False,False,0,False
23:7:34_24/7/2023,auto,27,70,0,24.4,98,0,False,False,0,False
23:9:39_24/7/2023,auto,27,70,0,24.5,99,0,False,False,0,False
23:11:34_24/7/2023,auto,27,70,0,24.7,99,0,False,False,0,False
23:13:34_24/7/2023,auto,27,70,0,24.8,99,0,False,False,0,False
23:15:34_24/7/2023,auto,27,70,0,24.8,93,0,False,False,0,False
23:17:34_24/7/2023,auto,27,70,0,24.8,70,0,False,False,0,False
23:19:34_24/7/2023,auto,27,70,0,24.7,61,0,False,False,0,False
23:21:34_24/7/2023,auto,27,70,0,24.6,63,0,False,False,0,False
23:23:34_24/7/2023,auto,27,70,0,24.5,73,0,False,False,0,False
23:25:34_24/7/2023,auto,27,70,0,24.4,82,0,False,False,0,False
23:27:34_24/7/2023,auto,27,70,0,24.4,89,0,False,False,0,False
23:29:34_24/7/2023,auto,27,70,0,24.4,93,0,False,False,0,False
23:31:34_24/7/2023,auto,27,70,0,24.4,95,0,False,False,0,False
23:33:34_24/7/2023,auto,27,70,0,24.4,97,0,False,False,0,False
23:35:34_24/7/2023,auto,27,70,0,24.5,98,0,False,False,0,False
23:37:34_24/7/2023,auto,27,70,0,24.6,99,0,False,False,0,False
23:39:34_24/7/2023,auto,27,70,0,24.8,99,0,False,False,0,False
23:41:34_24/7/2023,auto,27,70,0,24.9,99,0,False,False,0,False
23:43:34_24/7/2023,auto,27,70,0,24.8,78,0,False,False,0,False
23:45:34_24/7/2023,auto,27,70,0,24.8,66,0,False,False,0,False
23:47:34_24/7/2023,auto,27,70,0,24.7,59,0,False,False,0,False
23:49:34_24/7/2023,auto,27,70,0,24.5,66,0,False,False,0,False
23:51:34_24/7/2023,auto,27,70,0,24.4,76,0,False,False,0,False
23:53:34_24/7/2023,auto,27,70,0,24.4,85,0,False,False,0,False
23:55:34_24/7/2023,auto,27,70,0,24.4,91,0,False,False,0,False
23:57:34_24/7/2023,auto,27,70,0,24.4,94,0,False,False,0,False
23:59:34_24/7/2023,auto,27,70,0,24.4,96,0,False,False,0,False
0:1:34_25/7/2023,auto,27,70,0,24.5,98,0,False,False,0,False
0:3:34_25/7/2023,auto,27,70,0,24.6,99,0,False,False,0,False
0:5:34_25/7/2023,auto,27,70,0,24.7,99,0,False,False,0,False
0:7:34_25/7/2023,auto,27,70,0,24.8,99,0,False,False,0,False
0:9:39_25/7/2023,auto,27,70,0,24.9,97,0,False,False,0,False
0:11:34_25/7/2023,auto,27,70,0,24.8,71,0,False,False,0,False
0:13:34_25/7/2023,auto,27,70,0,24.7,62,0,False,False,0,False
0:15:34_25/7/2023,auto,27,70,0,24.6,62,0,False,False,0,False
0:17:34_25/7/2023,auto,27,70,0,24.5,72,0,False,False,0,False
0:19:34_25/7/2023,auto,27,70,0,24.4,81,0,False,False,0,False
0:21:34_25/7/2023,auto,27,70,0,24.4,88,0,False,False,0,False
0:23:34_25/7/2023,auto,27,70,0,24.4,93,0,False,False,0,False
0:25:34_25/7/2023,auto,27,70,0,24.4,95,0,False,False,0,False
0:27:34_25/7/2023,auto,27,70,0,24.5,97,0,False,False,0,False
0:29:34_25/7/2023,auto,27,70,0,24.5,98,0,False,False,0,False
0:31:34_25/7/2023,auto,27,70,0,24.6,99,0,False,False,0,False
0:33:34_25/7/2023,auto,27,70,0,24.8,99,0,False,False,0,False
0:35:34_25/7/2023,auto,27,70,0,24.9,99,0,False,False,0,False
0:37:34_25/7/2023,auto,27,70,0,24.9,80,0,False,False,0,False
0:39:34_25/7/2023,auto,27,70,0,24.8,65,0,False,False,0,False
0:41:34_25/7/2023,auto,27,70,0,24.7,59,0,False,False,0,False
0:43:34_25/7/2023,auto,27,70,0,24.6,67,0,False,False,0,False
0:45:34_25/7/2023,auto,27,70,0,24.5,77,0,False,False,0,False
0:47:34_25/7/2023,auto,27,70,0,24.4,85,0,False,False,0,False
0:49:34_25/7/2023,auto,27,70,0,24.4,91,0,False,False,0,False
0:51:34_25/7/2023,auto,27,70,0,24.4,94,0,False,False,0,False
0:53:34_25/7/2023,auto,27,70,0,24.4,96,0,False,False,0,False
0:55:34_25/7/2023,auto,27,70,0,24.5,98,0,False,False,0,False
0:57:34_25/7/2023,auto,27,70,0,24.6,99,0,False,False,0,False
0:59:34_25/7/2023,auto,27,70,0,24.8,99,0,False,False,0,False
1:1:34_25/7/2023,auto,27,70,0,24.8,99,0,False,False,0,False
1:3:34_25/7/2023,auto,27,70,0,25.0,99,0,False,False,0,False
1:5:34_25/7/2023,auto,27,70,0,24.9,72,0,False,False,0,False
1:7:34_25/7/2023,auto,27,70,0,24.8,62,0,False,False,0,False
1:9:39_25/7/2023,auto,27,70,0,24.7,62,0,False,False,0,False
1:11:34_25/7/2023,auto,27,70,0,24.6,71,0,False,False,0,False
1:13:34_25/7/2023,auto,27,70,0,24.5,81,0,False,False,0,False
1:15:34_25/7/2023,auto,27,70,0,24.4,88,0,False,False,0,False
1:17:34_25/7/2023,auto,27,70,0,24.4,93,0,False,False,0,False
1:19:34_25/7/2023,auto,27,70,0,24.4,95,0,False,False,0,False
1:21:34_25/7/2023,auto,27,70,0,24.5,97,0,False,False,0,False
1:23:34_25/7/2023,auto,27,70,0,24.6,98,0,False,False,0,False
1:25:34_25/7/2023,auto,27,70,0,24.7,99,0,False,False,0,False
1:27:34_25/7/2023,auto,27,70,0,24.8,99,0,False,False,0,False
1:29:34_25/7/2023,auto,27,70,0,25.0,99,0,False,False,0,False
1:31:34_25/7/2023,auto,27,70,0,24.9,83,0,False,False,0,False
1:33:34_25/7/2023,auto,27,70,0,24.8,66,0,False,False,0,False
1:35:34_25/7/2023,auto,27,70,0,24.8,59,0,False,False,0,False
1:37:34_25/7/2023,auto,27,70,0,24.6,66,0,False,False,0,False
1:39:34_25/7/2023,auto,27,70,0,24.5,76,0,False,False,0,False
1:41:34_25/7/2023,auto,27,70,0,24.4,85,0,False,False,0,False
1:43:34_25/7/2023,auto,27,70,0,24.4,91,0,False,False,0,False
1:45:34_25/7/2023,auto,27,70,0,24.4,94,0,False,False,0,False
1:47:34_25/7/2023,auto,27,70,0,24.5,96,0,False,False,0,False
1:49:34_25/7/2023,auto,27,70,0,24.5,98,0,False,False,0,False
1:51:34_25/7/2023,auto,27,70,0,24.7,99,0,False,False,0,False
1:53:34_25/7/2023,auto,27,70,0,24.8,99,0,False,False,0,False
1:55:34_25/7/2023,auto,27,70,0,24.9,99,0,False,False,0,False
1:57:34_25/7/2023,auto,27,70,0,25.0,99,0,False,False,0,False
1:59:34_25/7/2023,auto,27,70,0,25.0,73,0,False,False,0,False
2:1:34_25/7/2023,auto,27,70,0,24.8,63,0,False,False,0,False
2:3:34_25/7/2023,auto,27,70,0,24.7,61,0,False,False,0,False
2:5:34_25/7/2023,auto,27,70,0,24.6,70,0,False,False,0,False
2:7:34_25/7/2023,auto,27,70,0,24.5,80,0,False,False,0,False
2:9:39_25/7/2023,auto,27,70,0,24.4,74,0,False,False,0,False
2:11:34_25/7/2023,auto,27,70,0,24.2,61,0,False,False,0,False
2:13:34_25/7/2023,auto,27,70,0,24.1,63,0,False,False,0,False
2:15:34_25/7/2023,auto,27,70,0,24.0,73,0,False,False,0,False
2:17:34_25/7/2023,auto,27,70,0,23.9,82,0,False,False,0,False
2:19:34_25/7/2023,auto,27,70,0,23.9,90,0,False,False,0,False
2:21:34_25/7/2023,auto,27,70,0,24.0,94,0,False,False,0,False
2:23:34_25/7/2023,auto,27,70,0,24.0,96,0,False,False,0,False
2:25:34_25/7/2023,auto,27,70,0,24.0,81,0,False,False,0,False
2:27:34_25/7/2023,auto,27,70,0,24.0,65,0,False,False,0,False
2:29:34_25/7/2023,auto,27,70,0,23.9,59,0,False,False,0,False
2:31:34_25/7/2023,auto,27,70,0,23.9,67,0,False,False,0,False
2:33:34_25/7/2023,auto,27,70,0,23.8,78,0,False,False,0,False
2:35:34_25/7/2023,auto,27,70,0,23.8,86,0,False,False,0,False
2:37:34_25/7/2023,auto,27,70,0,23.8,92,0,False,False,0,False
2:39:34_25/7/2023,auto,27,70,0,23.9,95,0,False,False,0,False
2:41:34_25/7/2023,auto,27,70,0,24.0,97,0,False,False,0,False
2:43:34_25/7/2023,auto,27,70,0,24.0,98,0,False,False,0,False
2:45:34_25/7/2023,auto,27,70,0,24.2,99,0,False,False,0,False
2:47:34_25/7/2023,auto,27,70,0,24.4,99,0,False,False,0,False
2:49:34_25/7/2023,auto,27,70,0,24.5,99,0,False,False,0,False
2:51:34_25/7/2023,auto,27,70,0,24.6,99,0,False,False,0,False
2:53:34_25/7/2023,auto,27,70,0,24.8,99,0,False,False,0,False
2:55:34_25/7/2023,auto,27,70,0,25.0,99,0,False,False,0,False
2:57:34_25/7/2023,auto,27,70,0,25.1,99,0,False,False,0,False
2:59:34_25/7/2023,auto,27,70,0,25.2,99,0,False,False,0,False
3:1:34_25/7/2023,auto,27,70,0,25.4,99,0,False,False,0,False
3:3:34_25/7/2023,auto,27,70,0,25.5,99,0,False,False,0,False
3:5:34_25/7/2023,auto,27,70,0,25.6,99,0,False,False,0,False
3:7:34_25/7/2023,auto,27,70,0,25.7,99,0,False,False,0,False
3:9:35_25/7/2023,auto,27,70,0,25.8,99,0,False,False,0,False
3:11:34_25/7/2023,auto,27,70,0,25.9,99,0,False,False,0,False
3:13:34_25/7/2023,auto,27,70,0,26.0,99,0,False,False,0,False
3:15:34_25/7/2023,auto,27,70,0,26.1,99,0,False,False,0,False
3:17:34_25/7/2023,auto,27,70,0,26.2,99,0,False,False,0,False
3:19:34_25/7/2023,auto,27,70,0,26.3,99,0,False,False,0,False
3:21:34_25/7/2023,auto,27,70,0,26.4,99,0,False,False,0,False
3:23:34_25/7/2023,auto,27,70,0,26.4,99,0,False,False,0,False
3:25:34_25/7/2023,auto,27,70,0,26.5,99,0,False,False,0,False
3:27:34_25/7/2023,auto,27,70,0,26.6,99,0,False,False,0,False
3:29:34_25/7/2023,auto,27,70,0,26.7,99,0,False,False,0,False
3:31:34_25/7/2023,auto,27,70,0,26.4,88,0,False,False,0,False
3:33:34_25/7/2023,auto,27,70,0,26.2,68,0,False,False,0,False
3:35:34_25/7/2023,auto,27,70,0,26.0,59,0,False,False,0,False
3:37:34_25/7/2023,auto,27,70,0,25.9,66,0,False,False,0,False
3:39:34_25/7/2023,auto,27,70,0,25.7,75,0,False,False,0,False
3:41:34_25/7/2023,auto,27,70,0,25.5,83,0,False,False,0,False
3:43:34_25/7/2023,auto,27,70,0,25.4,77,0,False,False,0,False
3:45:34_25/7/2023,auto,27,70,0,25.2,62,0,False,False,0,False
3:47:34_25/7/2023,auto,27,70,0,25.0,62,0,False,False,0,False
3:49:34_25/7/2023,auto,27,70,0,24.8,72,0,False,False,0,False
3:51:34_25/7/2023,auto,27,70,0,24.6,81,0,False,False,0,False
3:53:34_25/7/2023,auto,27,70,0,24.6,88,0,False,False,0,False
3:55:34_25/7/2023,auto,27,70,0,24.6,92,0,False,False,0,False
3:57:34_25/7/2023,auto,27,70,0,24.6,95,0,False,False,0,False
3:59:34_25/7/2023,auto,27,70,0,24.5,82,0,False,False,0,False
4:1:34_25/7/2023,auto,27,70,0,24.5,65,0,False,False,0,False
4:3:34_25/7/2023,auto,27,70,0,24.4,59,0,False,False,0,False
4:5:34_25/7/2023,auto,27,70,0,24.2,68,0,False,False,0,False
4:7:34_25/7/2023,auto,27,70,0,24.2,79,0,False,False,0,False
4:9:39_25/7/2023,auto,27,70,0,24.2,87,0,False,False,0,False
4:11:34_25/7/2023,auto,27,70,0,24.2,92,0,False,False,0,False
4:13:34_25/7/2023,auto,27,70,0,24.2,95,0,False,False,0,False
4:15:34_25/7/2023,auto,27,70,0,24.2,97,0,False,False,0,False
4:17:34_25/7/2023,auto,27,70,0,24.3,98,0,False,False,0,False
4:19:34_25/7/2023,auto,27,70,0,24.4,99,0,False,False,0,False
4:21:34_25/7/2023,auto,27,70,0,24.6,99,0,False,False,0,False
4:23:34_25/7/2023,auto,27,70,0,24.7,99,0,False,False,0,False
4:25:34_25/7/2023,auto,27,70,0,24.8,99,0,False,False,0,False
4:27:34_25/7/2023,auto,27,70,0,24.7,76,0,False,False,0,False
4:29:34_25/7/2023,auto,27,70,0,24.7,63,0,False,False,0,False
4:31:34_25/7/2023,auto,27,70,0,24.6,60,0,False,False,0,False
4:33:34_25/7/2023,auto,27,70,0,24.4,69,0,False,False,0,False
4:35:34_25/7/2023,auto,27,70,0,24.4,79,0,False,False,0,False
4:37:34_25/7/2023,auto,27,70,0,24.3,87,0,False,False,0,False
4:39:34_25/7/2023,auto,27,70,0,24.3,92,0,False,False,0,False
4:41:34_25/7/2023,auto,27,70,0,24.4,95,0,False,False,0,False
4:43:34_25/7/2023,auto,27,70,0,24.4,97,0,False,False,0,False
4:45:34_25/7/2023,auto,27,70,0,24.4,98,0,False,False,0,False
4:47:34_25/7/2023,auto,27,70,0,24.5,99,0,False,False,0,False
4:49:34_25/7/2023,auto,27,70,0,24.7,99,0,False,False,0,False
4:51:34_25/7/2023,auto,27,70,0,24.8,99,0,False,False,0,False
4:53:34_25/7/2023,auto,27,70,0,24.9,99,0,False,False,0,False
4:55:34_25/7/2023,auto,27,70,0,25.0,99,0,False,False,0,False
4:57:34_25/7/2023,auto,27,70,0,25.2,99,0,False,False,0,False
4:59:34_25/7/2023,auto,27,70,0,25.3,99,0,False,False,0,False
5:1:34_25/7/2023,auto,27,70,0,25.4,99,0,False,False,0,False
5:3:34_25/7/2023,auto,27,70,0,25.5,99,0,False,False,0,False
5:5:34_25/7/2023,auto,27,70,0,25.4,81,0,False,False,0,False
5:7:34_25/7/2023,auto,27,70,0,25.3,66,0,False,False,0,False
5:9:39_25/7/2023,auto,27,70,0,25.2,59,0,False,False,0,False
5:11:34_25/7/2023,auto,27,70,0,25.0,67,0,False,False,0,False
5:13:34_25/7/2023,auto,27,70,0,24.9,77,0,False,False,0,False
5:15:34_25/7/2023,auto,27,70,0,24.8,85,0,False,False,0,False
5:17:34_25/7/2023,auto,27,70,0,24.7,91,0,False,False,0,False
5:19:34_25/7/2023,auto,27,70,0,24.7,94,0,False,False,0,False
5:21:34_25/7/2023,auto,27,70,0,24.7,96,0,False,False,0,False
5:23:34_25/7/2023,auto,27,70,0,24.8,97,0,False,False,0,False
5:25:34_25/7/2023,auto,27,70,0,24.8,98,0,False,False,0,False
5:27:34_25/7/2023,auto,27,70,0,25.0,99,0,False,False,0,False
5:29:34_25/7/2023,auto,27,70,0,25.0,99,0,False,False,0,False
5:31:34_25/7/2023,auto,27,70,0,25.1,99,0,False,False,0,False
5:33:34_25/7/2023,auto,27,70,0,25.2,99,0,False,False,0,False
5:35:34_25/7/2023,auto,27,70,0,25.3,99,0,False,False,0,False
5:37:34_25/7/2023,auto,27,70,0,25.4,99,0,False,False,0,False
5:39:34_25/7/2023,auto,27,70,0,25.6,99,0,False,False,0,False
5:41:34_25/7/2023,auto,27,70,0,25.6,99,0,False,False,0,False
5:43:34_25/7/2023,auto,27,70,0,25.7,99,0,False,False,0,False
5:45:34_25/7/2023,auto,27,70,0,25.8,99,0,False,False,0,False
5:47:34_25/7/2023,auto,27,70,0,25.9,99,0,False,False,0,False
5:49:34_25/7/2023,auto,27,70,0,26.0,99,0,False,False,0,False
5:51:34_25/7/2023,auto,27,70,0,26.0,99,0,False,False,0,False
5:53:34_25/7/2023,auto,27,70,0,26.1,99,0,False,False,0,False
5:55:34_25/7/2023,auto,27,70,0,26.2,99,0,False,False,0,False
5:57:34_25/7/2023,auto,27,70,0,26.3,99,0,False,False,0,False
5:59:34_25/7/2023,auto,27,70,0,26.4,99,0,False,False,0,False
6:1:34_25/7/2023,auto,27,70,4000,26.5,99,1784,False,False,0,False
6:3:34_25/7/2023,auto,27,70,4000,26.8,99,1777,False,False,0,False
6:5:34_25/7/2023,auto,27,70,4000,27.0,99,1810,False,False,0,False
6:7:34_25/7/2023,auto,27,70,4000,26.9,70,1996,False,False,0,False
6:9:39_25/7/2023,auto,27,70,4000,26.9,59,1797,False,False,0,False
6:11:34_25/7/2023,auto,27,70,4000,26.8,69,1717,False,False,0,False
6:13:34_25/7/2023,auto,27,70,4000,26.7,80,2010,False,False,0,False
6:15:34_25/7/2023,auto,27,70,4000,26.7,88,1784,False,False,0,False
6:17:34_25/7/2023,auto,27,70,4000,26.7,93,1870,False,False,0,False
6:19:34_25/7/2023,auto,27,70,4000,26.8,95,1784,False,False,0,False
6:21:34_25/7/2023,auto,27,70,4000,26.9,96,2023,False,False,0,False
6:23:34_25/7/2023,auto,27,70,4000,27.0,73,1790,False,False,0,False
6:25:34_25/7/2023,auto,27,70,4000,26.9,60,1730,False,False,0,False
6:27:34_25/7/2023,auto,27,70,4000,26.9,70,1983,False,False,0,False
6:29:34_25/7/2023,auto,27,70,4000,26.7,81,1850,False,False,0,False
6:31:34_25/7/2023,auto,27,70,4000,26.7,89,1810,False,False,0,False
6:33:34_25/7/2023,auto,27,70,4000,26.7,93,1744,False,False,0,False
6:35:34_25/7/2023,auto,27,70,4000,26.8,95,1784,False,False,0,False
6:37:34_25/7/2023,auto,27,70,4000,27.0,95,1990,False,False,0,False
6:39:34_25/7/2023,auto,27,70,4000,27.0,64,2003,False,False,0,False
6:41:34_25/7/2023,auto,27,70,4000,26.9,63,1937,False,False,0,False
6:43:34_25/7/2023,auto,27,70,4000,26.8,74,1770,False,False,0,False
6:45:34_25/7/2023,auto,27,70,4000,26.7,84,1804,False,False,0,False
6:47:34_25/7/2023,auto,27,70,4000,26.7,91,1810,False,False,0,False
6:49:34_25/7/2023,auto,27,70,4000,26.8,94,1777,False,False,0,False
6:51:34_25/7/2023,auto,27,70,4000,26.9,95,1996,False,False,0,False
6:53:34_25/7/2023,auto,27,70,4000,27.0,80,1784,False,False,0,False
6:55:34_25/7/2023,auto,27,70,4000,27.0,59,1850,False,False,0,False
6:57:34_25/7/2023,auto,27,70,4000,26.9,68,1883,False,False,0,False
6:59:34_25/7/2023,auto,27,70,4000,26.8,79,1804,False,False,0,False
7:1:34_25/7/2023,auto,27,70,4000,26.7,87,1770,False,False,0,False
7:3:34_25/7/2023,auto,27,70,4000,26.7,92,1863,False,False,0,False
7:5:34_25/7/2023,auto,27,70,4000,26.8,94,1777,False,False,0,False
7:7:34_25/7/2023,auto,27,70,4000,27.0,92,1750,False,False,0,False
7:9:39_25/7/2023,auto,27,70,4000,27.0,63,1770,False,False,0,False
7:11:34_25/7/2023,auto,27,70,4000,26.9,64,1877,False,False,0,False
7:13:34_25/7/2023,auto,27,70,4000,26.8,75,1810,False,False,0,False
7:15:34_25/7/2023,auto,27,70,4000,26.7,85,1784,False,False,0,False
7:17:34_25/7/2023,auto,27,70,4000,26.7,91,1784,False,False,0,False
7:19:34_25/7/2023,auto,27,70,4000,26.8,94,1777,False,False,0,False
7:21:34_25/7/2023,auto,27,70,4000,26.9,79,1784,False,False,0,False
7:23:34_25/7/2023,auto,27,70,4000,26.8,59,1903,False,False,0,False
7:25:34_25/7/2023,auto,27,70,4000,26.7,67,1750,False,False,0,False
7:27:34_25/7/2023,auto,27,70,4000,26.6,79,1830,False,False,0,False
7:29:34_25/7/2023,auto,27,70,4000,26.6,87,1770,False,False,0,False
7:31:34_25/7/2023,auto,27,70,4000,26.6,92,1770,False,False,0,False
7:33:34_25/7/2023,auto,27,70,4000,26.7,94,1777,False,False,0,False
7:35:34_25/7/2023,auto,27,70,4000,26.9,95,1990,False,False,0,False
7:37:34_25/7/2023,auto,27,70,4000,27.0,82,1910,False,False,0,False
7:39:34_25/7/2023,auto,27,70,4000,27.0,59,1830,False,False,0,False
7:41:34_25/7/2023,auto,27,70,4000,26.9,67,1863,False,False,0,False
7:43:34_25/7/2023,auto,27,70,4000,26.8,78,1710,False,False,0,False
7:45:34_25/7/2023,auto,27,70,4000,26.7,87,1804,False,False,0,False
7:47:34_25/7/2023,auto,27,70,4000,26.7,92,1890,False,False,0,False
7:49:34_25/7/2023,auto,27,70,4000,26.9,94,1903,False,False,0,False
7:51:34_25/7/2023,auto,27,70,4000,27.0,92,1996,False,False,0,False
7:53:34_25/7/2023,auto,27,70,4000,27.0,63,1777,False,False,0,False
7:55:34_25/7/2023,auto,27,70,4000,26.9,65,1750,False,False,0,False
7:57:34_25/7/2023,auto,27,70,4000,26.8,75,1770,False,False,0,False
7:59:34_25/7/2023,auto,27,70,4000,26.7,85,1804,False,False,0,False
8:1:34_25/7/2023,auto,27,70,4000,26.8,91,1790,False,False,0,False
8:3:34_25/7/2023,auto,27,70,4000,26.8,94,1830,False,False,0,False
8:5:34_25/7/2023,auto,27,70,4000,27.0,95,1750,False,False,0,False
8:7:34_25/7/2023,auto,27,70,4000,27.0,65,1983,False,False,0,False
8:9:39_25/7/2023,auto,27,70,4000,26.9,63,1710,False,False,0,False
8:11:34_25/7/2023,auto,27,70,4000,26.8,73,1757,False,False,0,False
8:13:34_25/7/2023,auto,27,70,4000,26.8,83,1777,False,False,0,False
8:15:34_25/7/2023,auto,27,70,4000,26.8,90,1777,False,False,0,False
8:17:34_25/7/2023,auto,27,70,4000,26.8,93,1890,False,False,0,False
8:19:34_25/7/2023,auto,27,70,4000,27.0,94,1824,False,False,0,False
8:21:34_25/7/2023,auto,27,70,4000,27.0,65,1817,False,False,0,False
8:23:34_25/7/2023,auto,27,70,4000,26.9,62,1890,False,False,0,False
8:25:34_25/7/2023,auto,27,70,4000,26.8,73,1923,False,False,0,False
8:27:34_25/7/2023,auto,27,70,4000,26.7,83,1830,False,False,0,False
8:29:34_25/7/2023,auto,27,70,4000,26.7,90,1790,False,False,0,False
8:31:34_25/7/2023,auto,27,70,4000,26.8,93,1790,False,False,0,False
8:33:34_25/7/2023,auto,27,70,4000,27.0,95,1950,False,False,0,False
8:35:34_25/7/2023,auto,27,70,4000,27.0,68,1777,False,False,0,False
8:37:34_25/7/2023,auto,27,70,4000,26.9,61,1744,False,False,0,False
8:39:34_25/7/2023,auto,27,70,4000,26.8,72,1910,False,False,0,False
8:41:34_25/7/2023,auto,27,70,4000,26.8,82,1757,False,False,0,False
8:43:34_25/7/2023,auto,27,70,4000,26.7,89,1903,False,False,0,False
8:45:34_25/7/2023,auto,27,70,4000,26.8,93,1764,False,False,0,False
8:47:34_25/7/2023,auto,27,70,4000,26.9,95,1797,False,False,0,False
8:49:34_25/7/2023,auto,27,70,4000,27.0,69,1737,False,False,0,False
8:51:34_25/7/2023,auto,27,70,4000,26.9,60,1750,False,False,0,False
8:53:34_25/7/2023,auto,27,70,4000,26.9,71,1850,False,False,0,False
8:55:34_25/7/2023,auto,27,70,4000,26.8,82,1770,False,False,0,False
8:57:34_25/7/2023,auto,27,70,4000,26.7,89,1770,False,False,0,False
8:59:34_25/7/2023,auto,27,70,4000,26.8,93,1777,False,False,0,False
9:1:34_25/7/2023,auto,27,70,4000,26.9,85,2003,False,False,0,False
9:3:34_25/7/2023,auto,27,70,4000,26.9,60,1764,False,False,0,False
9:5:34_25/7/2023,auto,27,70,4000,26.8,67,1850,False,False,0,False
9:7:34_25/7/2023,auto,27,70,4000,26.7,78,1824,False,False,0,False
9:9:39_25/7/2023,auto,27,70,4000,26.7,86,1976,False,False,0,False
9:11:34_25/7/2023,auto,27,70,4000,26.7,92,1737,False,False,0,False
9:13:34_25/7/2023,auto,27,70,4000,26.8,94,1770,False,False,0,False
9:15:34_25/7/2023,auto,27,70,4000,27.0,95,1737,False,False,0,False
9:17:34_25/7/2023,auto,27,70,4000,27.0,64,1777,False,False,0,False
9:19:34_25/7/2023,auto,27,70,4000,27.0,63,1724,False,False,0,False
9:21:34_25/7/2023,auto,27,70,4000,26.9,74,1784,False,False,0,False
9:23:34_25/7/2023,auto,27,70,4000,26.8,83,1730,False,False,0,False
9:25:34_25/7/2023,auto,27,70,4000,26.8,89,1857,False,False,0,False
9:27:34_25/7/2023,auto,27,70,4000,26.8,92,1730,False,False,0,False
9:29:34_25/7/2023,auto,27,70,4000,27.0,93,1777,False,False,0,False
9:31:34_25/7/2023,auto,27,70,4000,26.9,64,1770,False,False,0,False
9:33:34_25/7/2023,auto,27,70,4000,26.9,63,1750,False,False,0,False
9:35:34_25/7/2023,auto,27,70,4000,26.8,74,1797,False,False,0,False
9:37:34_25/7/2023,auto,27,70,4000,26.7,83,1810,False,False,0,False
9:39:34_25/7/2023,auto,27,70,4000,26.7,89,1817,False,False,0,False
9:41:34_25/7/2023,auto,27,70,4000,26.8,92,1917,False,False,0,False
9:43:34_25/7/2023,auto,27,70,4000,26.9,94,1770,False,False,0,False
9:45:34_25/7/2023,auto,27,70,4000,26.9,76,1917,False,False,0,False
9:47:34_25/7/2023,auto,27,70,4000,26.9,59,1837,False,False,0,False
9:49:34_25/7/2023,auto,27,70,4000,26.8,69,1903,False,False,0,False
9:51:34_25/7/2023,auto,27,70,4000,26.7,79,1870,False,False,0,False
9:53:34_25/7/2023,auto,27,70,4000,26.7,87,1877,False,False,0,False
9:55:34_25/7/2023,auto,27,70,4000,26.7,91,1837,False,False,0,False
9:57:34_25/7/2023,auto,27,70,4000,26.8,93,1943,False,False,0,False
9:59:34_25/7/2023,auto,27,70,4000,26.9,94,1797,False,False,0,False
10:1:34_25/7/2023,auto,27,70,4000,27.0,76,1757,False,False,0,False
10:3:34_25/7/2023,auto,27,70,4000,26.9,59,1897,False,False,0,False
10:5:34_25/7/2023,auto,27,70,4000,26.8,69,1730,False,False,0,False
10:7:34_25/7/2023,auto,27,70,4000,26.7,79,1750,False,False,0,False
10:9:39_25/7/2023,auto,27,70,4000,26.7,86,1757,False,False,0,False
10:11:34_25/7/2023,auto,27,70,4000,26.7,91,1764,False,False,0,False
10:13:34_25/7/2023,auto,27,70,4000,26.8,93,1770,False,False,0,False
10:15:34_25/7/2023,auto,27,70,4000,26.9,94,1777,False,False,0,False
10:17:34_25/7/2023,auto,27,70,4000,27.0,80,1770,False,False,0,False
10:19:34_25/7/2023,auto,27,70,4000,26.9,58,1917,False,False,0,False
10:21:34_25/7/2023,auto,27,70,4000,26.9,67,1943,False,False,0,False
10:23:34_25/7/2023,auto,27,70,4000,26.7,78,1764,False,False,0,False
10:25:34_25/7/2023,auto,27,70,4000,26.6,86,1963,False,False,0,False
10:27:34_25/7/2023,auto,27,70,4000,26.6,90,1790,False,False,0,False
10:29:34_25/7/2023,auto,27,70,4000,26.7,92,1970,False,False,0,False
10:31:34_25/7/2023,auto,27,70,4000,26.8,93,1870,False,False,0,False
10:33:34_25/7/2023,auto,27,70,4000,27.0,88,1784,False,False,0,False
10:35:34_25/7/2023,auto,27,70,4000,26.9,59,1890,False,False,0,False
10:37:34_25/7/2023,auto,27,70,4000,26.8,65,1897,False,False,0,False
10:39:34_25/7/2023,auto,27,70,4000,26.7,76,1750,False,False,0,False
10:41:34_25/7/2023,auto,27,70,4000,26.6,84,1863,False,False,0,False
10:43:34_25/7/2023,auto,27,70,4000,26.6,90,1790,False,False,0,False
10:45:34_25/7/2023,auto,27,70,4000,26.7,92,1824,False,False,0,False
10:47:34_25/7/2023,auto,27,70,4000,26.8,93,1737,False,False,0,False
10:49:34_25/7/2023,auto,27,70,4000,27.0,94,1983,False,False,0,False
10:51:34_25/7/2023,auto,27,70,4000,27.0,64,2063,False,False,0,False
10:53:34_25/7/2023,auto,27,70,4000,26.9,62,1817,False,False,0,False
10:55:34_25/7/2023,auto,27,70,4000,26.8,73,1797,False,False,0,False
10:57:34_25/7/2023,auto,27,70,4000,26.7,83,2023,False,False,0,False
10:59:18_25/7/2023,auto,27,70,4000,26.7,89,1790,False,False,0,False
11:1:18_25/7/2023,auto,27,70,4000,26.7,92,2016,False,False,0,False
11:3:18_25/7/2023,auto,27,70,4000,26.8,93,1830,False,False,0,False
11:5:18_25/7/2023,auto,27,70,4000,27.0,89,2050,False,False,0,False
11:7:18_25/7/2023,auto,27,70,4000,26.9,60,2103,False,False,0,False
11:9:27_25/7/2023,auto,27,70,4000,26.9,65,1863,False,False,0,False
11:11:18_25/7/2023,auto,27,70,4000,26.8,76,1830,False,False,0,False
11:14:54_25/7/2023,auto,30,70,4000,26.7,89,2096,False,False,0,False
11:16:54_25/7/2023,auto,30,70,4000,26.8,92,2050,False,False,0,False
11:18:54_25/7/2023,auto,30,70,4000,27.1,93,2030,False,False,0,False
11:20:54_25/7/2023,auto,30,70,4000,27.3,94,1804,False,False,0,False
11:22:54_25/7/2023,auto,30,70,4000,27.6,94,2083,False,False,0,False
11:24:54_25/7/2023,auto,30,70,4000,27.9,95,1817,False,False,0,False
11:28:34_25/7/2023,auto,30,70,1,28.3,95,2056,False,False,0,False
11:30:34_25/7/2023,auto,30,70,4000,28.4,74,1850,False,False,0,False
11:32:34_25/7/2023,auto,30,70,4000,28.4,59,2043,False,False,0,False
11:34:34_25/7/2023,auto,30,70,4000,28.3,69,2063,False,False,0,False
11:36:34_25/7/2023,auto,30,70,4000,28.3,78,2076,False,False,0,False
11:38:34_25/7/2023,auto,30,70,4000,28.3,85,1843,False,False,0,False
11:40:34_25/7/2023,auto,30,70,4000,28.3,89,1843,False,False,0,False
11:42:34_25/7/2023,auto,30,70,4000,28.5,91,2090,False,False,0,False
11:44:34_25/7/2023,auto,30,70,4000,28.6,92,2070,False,False,0,False
11:46:34_25/7/2023,auto,30,70,4000,28.8,93,2050,False,False,0,False
11:48:34_25/7/2023,auto,30,70,4000,29.0,93,2096,False,False,0,False
11:50:34_25/7/2023,auto,30,70,4000,29.2,93,2090,False,False,0,False
11:52:34_25/7/2023,auto,30,70,4000,29.4,94,1970,False,False,0,False
11:54:34_25/7/2023,auto,30,70,4000,29.5,94,2096,False,False,0,False
11:56:34_25/7/2023,auto,30,70,4000,29.7,94,2056,False,False,0,False
11:58:34_25/7/2023,auto,30,70,4000,29.9,94,2083,False,False,0,False
12:0:34_25/7/2023,auto,30,70,4000,30.0,82,1950,False,False,0,False
12:2:34_25/7/2023,auto,30,70,4000,29.9,57,2063,False,False,0,False
12:4:34_25/7/2023,auto,30,70,4000,29.7,66,1883,False,False,0,False
12:6:34_25/7/2023,auto,30,70,4000,29.5,77,2076,False,False,0,False
12:8:34_25/7/2023,auto,30,70,4000,29.4,84,2063,False,False,0,False
12:10:34_25/7/2023,auto,30,70,4000,29.4,89,2136,False,False,0,False
12:12:34_25/7/2023,auto,30,70,4000,29.4,91,1870,False,False,0,False
12:14:34_25/7/2023,auto,30,70,4000,29.5,92,2003,False,False,0,False
12:16:34_25/7/2023,auto,30,70,4000,29.6,93,1897,False,False,0,False
12:18:34_25/7/2023,auto,30,70,4000,29.7,93,1877,False,False,0,False
12:20:34_25/7/2023,auto,30,70,4000,29.9,94,2136,False,False,0,False
12:22:34_25/7/2023,auto,30,70,4000,29.9,67,1910,False,False,0,False
12:24:34_25/7/2023,auto,30,70,4000,29.8,62,1883,False,False,0,False
12:26:40_25/7/2023,auto,30,70,4000,29.7,72,2109,False,False,0,False
12:28:34_25/7/2023,auto,30,70,4000,29.5,81,2076,False,False,0,False
12:30:34_25/7/2023,auto,30,70,4000,29.5,87,1877,False,False,0,False
12:32:34_25/7/2023,auto,30,70,4000,29.5,90,1963,False,False,0,False
12:34:34_25/7/2023,auto,30,70,4000,29.4,62,1983,False,False,0,False
12:36:34_25/7/2023,auto,30,70,4000,29.3,63,2136,False,False,0,False
12:38:34_25/7/2023,auto,30,70,4000,29.2,73,1863,False,False,0,False
12:40:34_25/7/2023,auto,30,70,4000,29.1,82,1957,False,False,0,False
12:42:34_25/7/2023,auto,30,70,4000,29.1,87,0,False,False,0,False
12:44:34_25/7/2023,auto,30,70,4000,29.1,90,1883,False,False,0,False
12:46:34_25/7/2023,auto,30,70,4000,29.2,91,1917,False,False,0,False
12:48:34_25/7/2023,auto,30,70,4000,29.4,92,2156,False,False,0,False
12:50:34_25/7/2023,auto,3,70,4000,29.5,93,1950,False,False,0,False
12:52:34_25/7/2023,auto,30,70,4000,29.5,65,1930,False,False,0,False
12:54:34_25/7/2023,auto,30,70,4000,29.5,62,1910,False,False,0,False
12:56:34_25/7/2023,auto,30,70,4000,29.4,72,2070,False,False,0,False
12:58:34_25/7/2023,auto,30,70,4000,29.3,81,1824,False,False,0,False
13:0:34_25/7/2023,auto,30,70,4000,29.2,87,1850,False,False,0,False
13:2:34_25/7/2023,auto,30,70,4000,29.2,90,1843,False,False,0,False
13:4:34_25/7/2023,auto,30,70,4000,29.3,91,2003,False,False,0,False
13:6:34_25/7/2023,auto,30,70,4000,29.5,92,2056,False,False,0,False
13:8:34_25/7/2023,auto,30,70,4000,29.7,93,1910,False,False,0,False
13:10:34_25/7/2023,auto,30,70,4000,29.8,93,2070,False,False,0,False
13:12:34_25/7/2023,auto,30,70,4000,30.0,93,1863,False,False,0,False
13:14:34_25/7/2023,auto,30,70,4000,29.9,65,1910,False,False,0,False
13:16:34_25/7/2023,auto,30,70,4000,29.9,62,2063,False,False,0,False
13:18:34_25/7/2023,auto,30,70,4000,29.7,72,2070,False,False,0,False
13:20:34_25/7/2023,auto,30,70,4000,29.5,81,2156,False,False,0,False
13:22:34_25/7/2023,auto,30,70,4000,29.5,87,1943,False,False,0,False
13:24:34_25/7/2023,auto,30,70,4000,29.5,90,2123,False,False,0,False
13:26:40_25/7/2023,auto,30,70,4000,29.5,91,2123,False,False,0,False
13:28:34_25/7/2023,auto,30,70,4000,29.7,92,1883,False,False,0,False
13:30:34_25/7/2023,auto,30,70,4000,29.9,93,2149,False,False,0,False
13:32:34_25/7/2023,auto,30,70,4000,29.7,64,1897,False,False,0,False
13:34:34_25/7/2023,auto,30,70,4000,29.5,61,2156,False,False,0,False
13:36:34_25/7/2023,auto,30,70,4000,29.4,71,2156,False,False,0,False
13:38:34_25/7/2023,auto,30,70,4000,29.3,60,0,False,False,0,False
13:40:34_25/7/2023,auto,30,70,4000,28.6,56,0,False,False,0,False
13:42:34_25/7/2023,auto,30,70,4000,28.7,54,2043,False,False,0,False
13:44:34_25/7/2023,auto,30,70,4000,28.0,59,3383,False,False,0,False
13:46:34_25/7/2023,auto,30,70,4000,27.6,66,3410,False,False,0,False
13:48:34_25/7/2023,auto,27,70,4000,27.5,75,3643,False,False,0,False
13:50:34_25/7/2023,auto,27,70,4000,27.5,74,3596,False,False,0,False
13:52:34_25/7/2023,auto,27,70,4000,27.3,59,3550,False,False,0,False
13:54:34_25/7/2023,auto,27,70,4000,27.2,68,3310,False,False,0,False
13:56:34_25/7/2023,auto,27,70,4000,27.0,77,3609,False,False,0,False
13:58:34_25/7/2023,auto,27,70,4000,26.9,65,3363,False,False,0,False
14:0:34_25/7/2023,auto,27,70,4000,26.7,62,3310,False,False,0,False
14:2:34_25/7/2023,auto,27,70,4000,26.5,73,3483,False,False,0,False
14:4:34_25/7/2023,auto,27,70,4000,26.5,81,3324,False,False,0,False
14:6:34_25/7/2023,auto,27,70,4000,26.4,87,3343,False,False,0,False
14:8:34_25/7/2023,auto,27,70,4000,26.6,90,3583,False,False,0,False
14:10:34_25/7/2023,auto,27,70,4000,26.7,92,3556,False,False,0,False
14:12:34_25/7/2023,auto,27,70,4000,26.9,93,3523,False,False,0,False
14:14:34_25/7/2023,auto,27,70,4000,27.0,73,3330,False,False,0,False
14:16:34_25/7/2023,auto,27,70,4000,27.0,59,3290,False,False,0,False
14:18:34_25/7/2023,auto,27,70,4000,26.9,69,3337,False,False,0,False
14:20:34_25/7/2023,auto,27,70,4000,26.8,79,3457,False,False,0,False
14:22:34_25/7/2023,auto,27,70,4000,26.7,87,3556,False,False,0,False
14:24:34_25/7/2023,auto,27,70,4000,26.8,91,3563,False,False,0,False
14:26:37_25/7/2023,auto,27,70,4000,26.8,93,3570,False,False,0,False
14:28:34_25/7/2023,auto,27,70,4000,27.0,90,3570,False,False,0,False
14:30:34_25/7/2023,auto,27,70,4000,27.0,63,3343,False,False,0,False
14:32:34_25/7/2023,auto,27,70,4000,26.9,63,3304,False,False,0,False
14:34:34_25/7/2023,auto,27,70,4000,26.8,74,3563,False,False,0,False
14:36:34_25/7/2023,auto,27,70,4000,26.6,83,3490,False,False,0,False
14:38:34_25/7/2023,auto,27,70,4000,26.6,88,3450,False,False,0,False
14:40:34_25/7/2023,auto,27,70,4000,26.7,91,3576,False,False,0,False
14:42:34_25/7/2023,auto,27,70,4000,26.8,93,3337,False,False,0,False
14:44:34_25/7/2023,auto,27,70,4000,27.0,93,3583,False,False,0,False
14:46:34_25/7/2023,auto,27,70,4000,27.0,68,3343,False,False,0,False
14:48:34_25/7/2023,auto,27,70,4000,26.9,61,3570,False,False,0,False
14:50:34_25/7/2023,auto,27,70,4000,26.8,71,3596,False,False,0,False
14:52:34_25/7/2023,auto,27,70,4000,26.7,81,3423,False,False,0,False
14:54:34_25/7/2023,auto,27,70,4000,26.6,87,3563,False,False,0,False
14:56:34_25/7/2023,auto,27,70,4000,26.7,91,3570,False,False,0,False
14:58:34_25/7/2023,auto,27,70,4000,26.8,92,3357,False,False,0,False
15:0:34_25/7/2023,auto,27,70,4000,26.8,74,3603,False,False,0,False
15:2:34_25/7/2023,auto,27,70,4000,26.8,59,3463,False,False,0,False
15:4:34_25/7/2023,auto,27,70,4000,26.7,68,3343,False,False,0,False
15:6:34_25/7/2023,auto,27,70,4000,26.6,78,3330,False,False,0,False
15:8:34_25/7/2023,auto,27,70,4000,26.5,86,3583,False,False,0,False
15:10:34_25/7/2023,auto,27,70,4000,26.5,90,3357,False,False,0,False
15:12:34_25/7/2023,auto,27,70,4000,26.6,92,3343,False,False,0,False
15:14:34_25/7/2023,auto,27,70,4000,26.7,93,3609,False,False,0,False
15:16:34_25/7/2023,auto,27,70,4000,26.9,93,3550,False,False,0,False
15:18:34_25/7/2023,auto,27,70,4000,27.0,70,3476,False,False,0,False
15:20:34_25/7/2023,auto,27,70,4000,27.0,60,3556,False,False,0,False
15:22:34_25/7/2023,auto,27,70,4000,26.8,70,3510,False,False,0,False
15:24:34_25/7/2023,auto,27,70,4000,26.7,80,3563,False,False,0,False
15:26:41_25/7/2023,auto,27,70,4000,26.6,87,3590,False,False,0,False
15:28:34_25/7/2023,auto,27,70,4000,26.6,90,3756,False,False,0,False
15:30:34_25/7/2023,auto,27,70,4000,26.7,92,3683,False,False,0,False
15:32:34_25/7/2023,auto,27,70,4000,26.9,93,3596,False,False,0,False
15:34:34_25/7/2023,auto,27,70,4000,27.0,80,3483,False,False,0,False
15:36:34_25/7/2023,auto,27,70,4000,27.0,59,3683,False,False,0,False
15:38:34_25/7/2023,auto,27,70,4000,26.8,67,3669,False,False,0,False
15:40:34_25/7/2023,auto,27,70,4000,26.7,77,3450,False,False,0,False
15:42:34_25/7/2023,auto,27,70,4000,26.6,85,3696,False,False,0,False
15:44:34_25/7/2023,auto,27,70,4000,26.6,89,3457,False,False,0,False
15:46:34_25/7/2023,auto,27,70,4000,26.7,91,3410,False,False,0,False
15:48:34_25/7/2023,auto,27,70,4000,26.8,92,3510,False,False,0,False
15:50:34_25/7/2023,auto,27,70,4000,27.0,88,3410,False,False,0,False
15:52:34_25/7/2023,auto,27,70,4000,27.0,61,3417,False,False,0,False
15:54:34_25/7/2023,auto,27,70,4000,26.9,65,3649,False,False,0,False
15:56:34_25/7/2023,auto,27,70,4000,26.7,75,3636,False,False,0,False
15:58:34_25/7/2023,auto,27,70,4000,26.6,83,3403,False,False,0,False
16:0:34_25/7/2023,auto,27,70,4000,26.6,88,3543,False,False,0,False
16:2:34_25/7/2023,auto,27,70,4000,26.7,90,3729,False,False,0,False
16:4:34_25/7/2023,auto,27,70,4000,26.8,92,3476,False,False,0,False
16:6:34_25/7/2023,auto,27,70,4000,27.0,92,3437,False,False,0,False
16:8:34_25/7/2023,auto,27,70,4000,27.0,66,3423,False,False,0,False
16:10:34_25/7/2023,auto,27,70,4000,27.0,62,3470,False,False,0,False
16:12:34_25/7/2023,auto,27,70,4000,26.8,72,3417,False,False,0,False
16:14:34_25/7/2023,auto,27,70,4000,26.7,82,3410,False,False,0,False
16:16:34_25/7/2023,auto,27,70,4000,26.7,88,3403,False,False,0,False
16:18:34_25/7/2023,auto,27,70,4000,26.7,91,3417,False,False,0,False
16:20:34_25/7/2023,auto,27,70,4000,26.9,93,3403,False,False,0,False
16:22:34_25/7/2023,auto,27,70,4000,27.0,88,3663,False,False,0,False
16:24:34_25/7/2023,auto,27,70,4000,27.0,62,3423,False,False,0,False
16:26:40_25/7/2023,auto,27,70,4000,27.0,64,3403,False,False,0,False
16:28:34_25/7/2023,auto,27,70,4000,26.8,75,3403,False,False,0,False
16:30:34_25/7/2023,auto,27,70,4000,26.7,84,3410,False,False,0,False
16:32:34_25/7/2023,auto,27,70,4000,26.7,89,3417,False,False,0,False
16:34:34_25/7/2023,auto,27,70,4000,26.8,92,3410,False,False,0,False
16:36:34_25/7/2023,auto,27,70,4000,27.0,93,3417,False,False,0,False
16:38:34_25/7/2023,auto,27,70,4000,27.0,65,3403,False,False,0,False
16:40:34_25/7/2023,auto,27,70,4000,27.0,63,3377,False,False,0,False
16:42:34_25/7/2023,auto,27,70,4000,26.9,73,3397,False,False,0,False
16:44:34_25/7/2023,auto,27,70,4000,26.8,83,3629,False,False,0,False
16:46:34_25/7/2023,auto,27,70,4000,26.7,67,3397,False,False,0,False
16:48:34_25/7/2023,auto,27,70,4000,26.5,61,3523,False,False,0,False
16:50:34_25/7/2023,auto,27,70,4000,26.4,72,3629,False,False,0,False
16:52:34_25/7/2023,auto,27,70,4000,26.3,81,3363,False,False,0,False
16:54:34_25/7/2023,auto,27,70,4000,26.3,87,3403,False,False,0,False
16:56:35_25/7/2023,auto,27,70,4000,26.5,91,3503,False,False,0,False
16:58:34_25/7/2023,auto,27,70,4000,26.6,92,3636,False,False,0,False
17:0:34_25/7/2023,auto,27,70,4000,26.8,93,3403,False,False,0,False
17:2:34_25/7/2023,auto,27,70,4000,27.0,83,3643,False,False,0,False
17:4:34_25/7/2023,auto,27,70,4000,27.0,59,3383,False,False,0,False
17:6:34_25/7/2023,auto,27,70,4000,26.9,66,3629,False,False,0,False
17:8:34_25/7/2023,auto,27,70,4000,26.8,76,3450,False,False,0,False
17:10:34_25/7/2023,auto,27,70,4000,26.7,84,3576,False,False,0,False
17:12:34_25/7/2023,auto,27,70,4000,26.7,88,3423,False,False,0,False
17:14:34_25/7/2023,auto,27,70,4000,26.8,90,3357,False,False,0,False
17:16:34_25/7/2023,auto,27,70,4000,27.0,91,3576,False,False,0,False
17:18:34_25/7/2023,auto,27,70,4000,27.0,66,3590,False,False,0,False
17:20:34_25/7/2023,auto,27,70,4000,26.9,62,3616,False,False,0,False
17:22:34_25/7/2023,auto,27,70,4000,26.8,72,3357,False,False,0,False
17:24:34_25/7/2023,auto,27,70,4000,26.7,80,3543,False,False,0,False
17:26:40_25/7/2023,auto,27,70,4000,26.6,86,3609,False,False,0,False
17:28:34_25/7/2023,auto,27,70,4000,26.7,89,3383,False,False,0,False
17:30:34_25/7/2023,auto,27,70,4000,26.8,90,3629,False,False,0,False
17:32:34_25/7/2023,auto,27,70,4000,26.9,91,3629,False,False,0,False
17:34:34_25/7/2023,auto,27,70,4000,27.0,68,3603,False,False,0,False
17:36:34_25/7/2023,auto,27,70,4000,27.0,60,3623,False,False,0,False
17:38:34_25/7/2023,auto,27,70,4000,26.8,70,3596,False,False,0,False
17:40:34_25/7/2023,auto,27,70,4000,26.7,79,3377,False,False,0,False
17:42:34_25/7/2023,auto,27,70,4000,26.6,85,3523,False,False,0,False
17:44:34_25/7/2023,auto,27,70,4000,26.6,88,3370,False,False,0,False
17:46:34_25/7/2023,auto,27,70,4000,26.8,89,1508,False,False,0,False
17:48:34_25/7/2023,auto,27,70,4000,26.9,90,3570,False,False,0,False
17:50:34_25/7/2023,auto,27,70,4000,27.0,74,3377,False,False,0,False
17:52:34_25/7/2023,auto,27,70,4000,27.0,59,3377,False,False,0,False
17:54:34_25/7/2023,auto,27,70,4000,26.8,68,3350,False,False,0,False
17:56:34_25/7/2023,auto,27,70,4000,26.7,77,3583,False,False,0,False
17:58:34_25/7/2023,auto,27,70,4000,26.6,84,3383,False,False,0,False
18:0:34_25/7/2023,auto,23,90,0,26.6,87,1508,False,False,0,False
18:2:34_25/7/2023,auto,23,90,0,26.6,88,1508,False,False,0,False
18:4:34_25/7/2023,auto,23,90,0,26.6,89,1508,False,False,0,False
18:6:34_25/7/2023,auto,23,90,0,26.5,91,1508,False,False,0,False
18:8:34_25/7/2023,auto,23,90,0,26.5,91,1508,False,False,0,False
18:10:34_25/7/2023,auto,23,90,0,26.5,92,1508,False,False,0,False
18:12:34_25/7/2023,auto,23,90,0,26.5,93,1508,False,False,0,False
18:14:34_25/7/2023,auto,23,90,0,26.4,76,1508,False,False,0,False
18:16:34_25/7/2023,auto,23,90,0,26.3,74,1508,False,False,0,False
18:18:34_25/7/2023,auto,23,90,0,26.3,81,1508,False,False,0,False
18:20:34_25/7/2023,auto,23,90,0,26.2,87,1508,False,False,0,False
18:22:34_25/7/2023,auto,23,90,0,26.1,90,1508,False,False,0,False
18:24:34_25/7/2023,auto,23,90,0,26.1,91,1508,False,False,0,False
18:26:39_25/7/2023,auto,23,90,0,26.0,92,1508,False,False,0,False
18:28:34_25/7/2023,auto,23,90,0,26.0,93,1508,False,False,0,False
18:30:34_25/7/2023,auto,23,90,0,26.0,94,1508,False,False,0,False
18:32:34_25/7/2023,auto,23,90,0,26.0,94,1508,False,False,0,False
18:34:34_25/7/2023,auto,23,90,0,26.0,95,1508,False,False,0,False
18:36:34_25/7/2023,auto,23,90,0,26.0,95,1508,False,False,0,False
18:38:34_25/7/2023,auto,23,90,0,26.1,95,1508,False,False,0,False
18:40:34_25/7/2023,auto,23,90,0,26.1,96,1508,False,False,0,False
18:42:34_25/7/2023,auto,23,90,0,26.1,96,1508,False,False,0,False
18:44:34_25/7/2023,auto,23,90,0,26.2,96,1508,False,False,0,False
18:46:34_25/7/2023,auto,23,90,0,26.2,96,1508,False,False,0,False
18:48:34_25/7/2023,auto,23,90,0,26.2,96,1508,False,False,0,False
18:50:34_25/7/2023,auto,23,90,0,26.3,96,1508,False,False,0,False
18:52:34_25/7/2023,auto,23,90,0,26.2,79,1508,False,False,0,False
18:54:34_25/7/2023,auto,23,90,0,26.1,75,1508,False,False,0,False
18:56:34_25/7/2023,auto,23,90,0,26.1,82,1508,False,False,0,False
18:58:34_25/7/2023,auto,23,90,0,26.0,88,1508,False,False,0,False
19:0:34_25/7/2023,auto,23,90,0,25.9,91,1508,False,False,0,False
19:2:34_25/7/2023,auto,23,90,0,25.9,92,1508,False,False,0,False
19:4:34_25/7/2023,auto,23,90,0,25.9,92,1508,False,False,0,False
19:6:34_25/7/2023,auto,23,90,0,25.9,92,1508,False,False,0,False
19:8:34_25/7/2023,auto,23,90,0,25.9,92,1508,False,False,0,False
19:10:34_25/7/2023,auto,23,90,0,25.9,92,1508,False,False,0,False
19:12:34_25/7/2023,auto,23,90,0,25.9,92,1508,False,False,0,False
19:14:34_25/7/2023,auto,23,90,0,25.9,92,1508,False,False,0,False
19:16:34_25/7/2023,auto,23,90,0,25.9,92,1508,False,False,0,False
19:18:34_25/7/2023,auto,23,90,0,26.0,92,1508,False,False,0,False
19:20:34_25/7/2023,auto,23,90,0,25.9,91,1508,False,False,0,False
19:22:34_25/7/2023,auto,23,90,0,26.0,91,1508,False,False,0,False
19:24:34_25/7/2023,auto,23,90,0,26.0,90,1508,False,False,0,False
19:26:40_25/7/2023,auto,23,90,0,26.1,90,1508,False,False,0,False
19:28:34_25/7/2023,auto,23,90,0,26.1,89,1508,False,False,0,False
19:30:34_25/7/2023,auto,23,90,0,26.2,89,1508,False,False,0,False
19:32:34_25/7/2023,auto,23,90,0,26.2,88,1508,False,False,0,False
19:34:34_25/7/2023,auto,23,90,0,26.3,87,1508,False,False,0,False
19:36:34_25/7/2023,auto,23,90,0,26.3,86,1508,False,False,0,False
19:38:34_25/7/2023,auto,23,90,0,26.3,86,1508,False,False,0,False
19:40:34_25/7/2023,auto,23,90,0,26.4,85,1508,False,False,0,False
19:42:34_25/7/2023,auto,23,90,0,26.4,84,1508,False,False,0,False
19:44:34_25/7/2023,auto,23,90,0,26.5,83,1508,False,False,0,False
19:46:34_25/7/2023,auto,23,90,0,26.5,83,1508,False,False,0,False
19:48:34_25/7/2023,auto,23,90,0,26.5,82,1508,False,False,0,False
19:50:34_25/7/2023,auto,23,90,0,26.6,81,1508,False,False,0,False
19:52:34_25/7/2023,auto,23,90,0,26.6,81,1508,False,False,0,False
19:54:34_25/7/2023,auto,23,90,0,26.7,80,1508,False,False,0,False
19:56:35_25/7/2023,auto,23,90,0,26.7,79,1508,False,False,0,False
19:58:34_25/7/2023,auto,23,90,0,26.8,79,1508,False,False,0,False
20:0:34_25/7/2023,auto,23,90,0,26.8,78,1508,False,False,0,False
20:2:34_25/7/2023,auto,23,90,0,26.9,78,1508,False,False,0,False
20:4:34_25/7/2023,auto,23,90,0,26.9,77,1508,False,False,0,False
20:6:34_25/7/2023,auto,23,90,0,27.0,76,1508,False,False,0,False
20:8:34_25/7/2023,auto,23,90,0,27.0,76,1508,False,False,0,False
20:10:34_25/7/2023,auto,23,90,0,27.1,75,1508,False,False,0,False
20:12:34_25/7/2023,auto,23,90,0,27.2,75,1508,False,False,0,False
20:14:34_25/7/2023,auto,23,90,0,27.2,74,1508,False,False,0,False
20:16:34_25/7/2023,auto,23,90,0,27.3,73,1508,False,False,0,False
20:18:34_25/7/2023,auto,23,90,0,27.4,73,1508,False,False,0,False
20:20:34_25/7/2023,auto,23,90,0,27.4,72,1508,False,False,0,False
20:22:34_25/7/2023,auto,23,90,0,27.5,72,1508,False,False,0,False
20:24:34_25/7/2023,auto,23,90,0,27.6,71,1508,False,False,0,False
20:26:36_25/7/2023,auto,23,90,0,27.6,71,1508,False,False,0,False
20:28:34_25/7/2023,auto,23,90,0,27.6,70,1508,False,False,0,False
20:30:34_25/7/2023,auto,23,90,0,27.8,69,1508,False,False,0,False
20:32:34_25/7/2023,auto,23,90,0,27.8,69,1508,False,False,0,False
20:34:34_25/7/2023,auto,23,90,0,27.8,68,1508,False,False,0,False
20:36:34_25/7/2023,auto,23,90,0,27.9,68,1508,False,False,0,False
20:38:34_25/7/2023,auto,23,90,0,28.0,68,1508,False,False,0,False
20:40:34_25/7/2023,auto,23,90,0,28.0,67,1508,False,False,0,False
20:42:34_25/7/2023,auto,23,90,0,28.0,66,1508,False,False,0,False
20:44:34_25/7/2023,auto,23,90,0,28.1,66,1508,False,False,0,False
20:46:34_25/7/2023,auto,23,90,0,28.1,66,1508,False,False,0,False
20:48:34_25/7/2023,auto,23,90,0,28.1,65,1508,False,False,0,False
20:50:34_25/7/2023,auto,23,90,0,28.1,65,1508,False,False,0,False
20:52:34_25/7/2023,auto,23,90,0,28.1,65,1508,False,False,0,False
20:54:34_25/7/2023,auto,23,90,0,28.1,64,1508,False,False,0,False
20:56:34_25/7/2023,auto,23,90,0,28.1,64,1508,False,False,0,False
20:58:34_25/7/2023,auto,23,90,0,28.1,64,1508,False,False,0,False
21:0:34_25/7/2023,auto,23,90,0,28.1,63,1508,False,False,0,False
21:2:34_25/7/2023,auto,23,90,0,28.1,63,1508,False,False,0,False
21:4:34_25/7/2023,auto,23,90,0,28.2,63,1508,False,False,0,False
21:6:34_25/7/2023,auto,23,90,0,28.2,63,1508,False,False,0,False
21:8:34_25/7/2023,auto,23,90,0,28.2,63,1508,False,False,0,False
21:10:34_25/7/2023,auto,23,90,0,28.2,62,1508,False,False,0,False
21:12:34_25/7/2023,auto,23,90,0,28.3,62,1508,False,False,0,False
21:14:34_25/7/2023,auto,23,90,0,28.3,62,1508,False,False,0,False
21:16:34_25/7/2023,auto,23,90,0,28.4,62,1508,False,False,0,False
21:18:34_25/7/2023,auto,23,90,0,28.4,61,1508,False,False,0,False
21:20:34_25/7/2023,auto,23,90,0,28.4,61,1508,False,False,0,False
21:22:34_25/7/2023,auto,23,90,0,28.5,61,1508,False,False,0,False
21:24:34_25/7/2023,auto,23,90,0,28.5,61,1508,False,False,0,False
21:26:40_25/7/2023,auto,23,90,0,28.5,60,1508,False,False,0,False
21:28:34_25/7/2023,auto,23,90,0,28.5,60,1508,False,False,0,False
21:30:34_25/7/2023,auto,23,90,0,28.6,60,1508,False,False,0,False
21:32:34_25/7/2023,auto,23,90,0,28.5,60,1508,False,False,0,False
21:34:34_25/7/2023,auto,23,90,0,28.5,60,1508,False,False,0,False
21:36:34_25/7/2023,auto,23,90,0,28.5,60,1508,False,False,0,False
21:38:34_25/7/2023,auto,23,90,0,28.5,60,1508,False,False,0,False
21:40:34_25/7/2023,auto,23,90,0,28.5,59,1508,False,False,0,False
21:42:34_25/7/2023,auto,23,90,0,28.5,59,1508,False,False,0,False
21:44:34_25/7/2023,auto,23,90,0,28.5,59,1508,False,False,0,False
21:46:34_25/7/2023,auto,23,90,0,28.5,59,1508,False,False,0,False
21:48:34_25/7/2023,auto,23,90,0,28.5,60,1508,False,False,0,False
21:50:36_25/7/2023,auto,23,90,0,28.5,60,1508,False,False,0,False
21:52:34_25/7/2023,auto,23,90,0,28.5,60,1508,False,False,0,False
21:54:34_25/7/2023,auto,23,90,0,28.5,60,1508,False,False,0,False
21:56:34_25/7/2023,auto,23,90,0,28.5,60,1508,False,False,0,False
21:58:34_25/7/2023,auto,23,90,0,28.6,60,1508,False,False,0,False
4:28:48_26/7/2023,auto,23,90,0,33.0,58,1508,False,False,0,False
4:30:48_26/7/2023,auto,23,90,0,33.0,58,1508,False,False,0,False
4:32:48_26/7/2023,auto,23,90,0,33.0,58,1508,False,False,0,False
4:34:48_26/7/2023,auto,23,90,0,33.0,58,1508,False,False,0,False
4:36:48_26/7/2023,auto,23,90,0,33.0,58,1508,False,False,0,False
4:38:48_26/7/2023,auto,23,90,0,33.0,58,1508,False,False,0,False
4:43:52_26/7/2023,auto,23,90,0,32.9,57,1508,False,False,0,False
4:48:59_26/7/2023,auto,23,90,0,32.7,58,1508,False,False,0,False
4:50:59_26/7/2023,auto,23,90,0,32.7,58,1508,False,False,0,False
4:52:59_26/7/2023,auto,23,90,0,32.6,58,1508,False,False,0,False
4:54:59_26/7/2023,auto,23,90,0,32.5,58,1508,False,False,0,False
4:56:59_26/7/2023,auto,23,90,0,32.5,58,1508,False,False,0,False
4:58:59_26/7/2023,auto,23,90,0,32.5,59,1508,False,False,0,False
5:0:59_26/7/2023,auto,23,90,0,32.5,59,1508,False,False,0,False
5:2:59_26/7/2023,auto,23,90,0,32.5,59,1508,False,False,0,False
5:7:51_26/7/2023,auto,23,90,0,32.3,59,1508,False,False,0,False
5:9:51_26/7/2023,auto,23,90,0,32.3,59,1508,False,False,0,False
5:11:51_26/7/2023,auto,23,90,0,32.4,59,1508,False,False,0,False
5:13:51_26/7/2023,auto,23,90,0,32.3,59,1508,False,False,0,False
5:15:51_26/7/2023,auto,23,90,0,32.3,59,1508,False,False,0,False
5:17:51_26/7/2023,auto,23,90,0,32.3,59,1508,False,False,0,False
5:19:51_26/7/2023,auto,23,90,0,32.4,59,1508,False,False,0,False
5:21:51_26/7/2023,auto,23,90,0,32.4,59,1508,False,False,0,False
5:23:51_26/7/2023,auto,23,90,0,32.4,59,1508,False,False,0,False
5:25:51_26/7/2023,auto,23,90,0,32.4,59,1508,False,False,0,False
5:27:51_26/7/2023,auto,23,90,0,32.4,58,1508,False,False,0,False
5:29:51_26/7/2023,auto,23,90,0,32.4,58,1508,False,False,0,False
5:31:51_26/7/2023,auto,23,90,0,32.4,58,1508,False,False,0,False
5:33:51_26/7/2023,auto,23,90,0,32.5,58,1508,False,False,0,False
5:35:51_26/7/2023,auto,23,90,0,32.5,58,1508,False,False,0,False
5:37:51_26/7/2023,auto,23,90,0,32.5,58,1508,False,False,0,False
5:39:51_26/7/2023,auto,23,90,0,32.5,58,1508,False,False,0,False
5:41:51_26/7/2023,auto,23,90,0,32.5,58,1508,False,False,0,False
5:43:51_26/7/2023,auto,23,90,0,32.5,58,1508,False,False,0,False
